土佐神社,39,39206,社寺
鳴無神社,39,39202,社寺
金剛頂寺,39,39202,社寺
最御崎寺,39,39410,社寺
小村神社,39,39344,社寺
豊楽寺,39,39201,社寺
高知城,39,39201,城跡・城郭
竹林寺庭園,39,39204,社寺、庭園・公園
国分寺,39,39209,社寺
足摺岬,39,39202,岬
室戸岬,39,39209,岬
叶崎,40,40221,岬
太宰府天満宮,40,40130,社寺
筥崎宮,35,35201,社寺
住吉神社,40,40203,社寺
高良大社,40,40130,社寺
聖福寺,40,40230,社寺
怡土城跡,40,40130,城跡・城郭
大濠公園,40,40602,庭園・公園
旧亀石坊庭園,40,40131,庭園・公園
海の中道海浜公園,40,40228,庭園・公園
秋月城下町,40,40220,歴史景観
宗像神社,40,40221,社寺
観世音寺,40,40207,社寺
立花氏邸,40,40602,庭園・公園
英彦山神社,40,40130,社寺
香椎宮,40,40130,社寺
福岡城跡,41,41207,城跡・城郭
祐徳稲荷神社,41,41204,社寺
多久聖廟,41,41202,社寺
名護屋城跡,41,41202,城跡・城郭
唐津城,42,42211,城跡・城郭
男女群島,42,42203,島
九十九島（ツクモ）,42,42211,島
福江島,42,42202,島
九十九島,42,42207,島
平戸島,42,42207,島
生月島,42,42210,島
壱岐島,42,42209,島
対馬,42,42209,島
豆酘崎,42,42211,岬
大瀬崎断崖,42,42201,岬
長崎の洋風建築,42,42209,歴史景観
万松院,42,42211,社寺
堂崎天主堂,42,42203,社寺
島原城,42,42207,城跡・城郭
平戸城,42,42201,城跡・城郭
大浦天主堂,42,42201,社寺
崇福寺,42,42201,社寺
浦上天主堂,43,43215,社寺
御所浦島群,43,43215,島
天草松島,43,43215,島
大江天主堂,43,43214,社寺
阿蘇神社,43,43201,社寺
藤崎八幡宮,43,43201,社寺
本妙寺,43,43201,社寺
熊本城,43,43203,城跡・城郭
人吉城跡,43,43201,城跡・城郭
水前寺公園,43,43203,庭園・公園
青井阿蘇神社,44,44205,社寺
鶴御崎,44,44322,岬
観音崎,44,44205,岬
屋形島,44,44201,島
高島,44,44210,島
杵築武家屋敷,44,44208,歴史景観
坊がつる,44,44209,湿原
富貴寺,44,44211,社寺
宇佐神宮,44,44214,社寺
両子寺,44,44208,社寺
岡城跡,44,44203,城跡・城郭
中津武家屋敷,45,45204,歴史景観
鵜戸神宮,45,45201,社寺
宮崎神宮,45,45204,社寺
飫肥城下町,45,45201,歴史景観
青島,45,45207,島
都井岬,46,46535,岬
与論島,46,46534,島
沖永良部島,46,46532,島
徳之島,46,46529,島
喜界島,46,46525,島
奄美大島,46,46304,島
諏訪之瀬島,46,46505,島
屋久島,46,46502,島
種子島,46,46215,島
甑列島,46,46502,島
門倉崎,46,46491,岬
佐多岬,46,46532,岬
犬田布岬,46,46222,岬
アヤマル岬,46,46218,岬
大浪池,46,46210,湖沼
池田湖,46,46505,湖沼
花之江河湿原,46,46218,湿原
霧島神宮,46,46201,社寺
照国神社,46,46201,社寺
磯庭園（仙巌園）,46,46223,庭園・公園
知覧武家屋敷,47,47381,歴史景観
竹富島,47,47381,島
西表島,47,47382,島
与那国島,47,47207,島
石垣島,47,47375,島
宮古島,47,47354,島
慶良間諸島,47,47214,島
東平安名岬,47,47382,岬
東崎(与),47,47301,岬
辺戸岬,47,47381,岬
赤瓦葺き民家群,47,47327,歴史景観
中城城跡,47,47306,城跡・城郭
今帰仁城跡,47,47308,城跡・城郭
海洋博公園（国営沖縄記念公園）,47,47210,庭園・公園
摩文仁丘,01,01667,庭園・公園
釧路湿原,01,01663,湿原
霧多布湿原,01,01436,湿原
雨竜沼湿原,01,01457,湿原
雲井ケ原,01,01229,湿原
原始ケ原,01,01458,湿原
沼ノ平,01,01635,湿原
沼ノ原,01,01512,湿原
頓別原野,01,01202,原野
トラピスチヌ修道院,01,01236,社寺
トラピスト男子修道院,01,01202,社寺
函館ハリストス正教会,01,01202,社寺
五稜郭跡,01,01331,城跡・城郭
松前城跡,01,01101,城跡・城郭
大通公園,01,01202,庭園・公園
函館石造り倉庫群,01,01203,歴史景観
小樽石造り倉庫群,01,01520,歴史景観
サロベツ原野,01,01692,原野
根釧原野,01,01367,原野
奥尻島,01,01484,島
天売島,01,01484,島
焼尻島,01,01517,島
礼文島,01,01518,島
利尻島,01,01665,島
摩周湖,01,01665,湖沼
屈斜路湖,01,01578,湖沼
倶多楽湖,01,01206,湖沼
ペンケトウ・パンケトウ,01,01224,湖沼
支笏湖,01,01584,湖沼
洞爺湖,01,01337,湖沼
大沼,01,01206,湖沼
阿寒湖,01,01634,湖沼
然別湖,01,01223,湖沼
温根沼,01,01641,湖沼
キモントウ沼,01,01694,湖沼
羅臼湖,01,01224,湖沼
オコタンペ湖,01,01213,湖沼
ウトナイ湖,01,01472,湖沼
朱鞠内湖,01,01691,湖沼
風蓮湖,01,01545,湖沼
知床五湖,01,01564,湖沼
網走湖,01,01211,湖沼
能取湖,01,01647,湖沼
オンネトウ湖,01,01547,湖沼
濤沸湖,01,01214,湖沼
宗谷岬,01,01559,岬
サロマ湖,01,01694,湖沼
知床岬,01,01211,岬
能取岬,01,01223,岬
納沙布岬,01,01663,岬
湯沸岬,01,01609,岬
襟裳岬,01,01202,岬
立待岬,01,01405,岬
神威岬,01,01214,岬
ノシャップ岬,02,02424,岬
尻屋崎,02,02307,岬
竜飛崎,02,02323,岬
行合崎,02,02387,岬
権現崎,02,02206,岬
蔦の七沼,02,02209,湖沼
十三湖,02,02323,湖沼
十二湖,02,02208,湖沼
宇曽利山湖,02,02206,湖沼
睡蓮沼,02,02201,湖沼
田茂萢湿原,02,02206,湿原
谷地湿原,02,02202,湿原
岩木山神社,02,02445,社寺
法光寺,02,02202,社寺
最勝院・五重塔,02,02203,社寺
櫛引八幡宮,02,02202,社寺
長勝寺（禅林街）,02,02202,社寺
弘前城,02,02210,城跡・城郭
盛美園,03,03484,庭園・公園
鵜ノ巣断崖,03,03202,岬
とどヶ崎,03,03203,岬
碁石岬,03,03485,岬
黒崎,03,03214,岬
八幡沼,03,03201,湖沼
岩洞湖,03,03214,湖沼
八幡沼附近,03,03402,湿原
毛越寺庭園,03,03402,庭園・公園
中尊寺,04,04302,社寺
芝草平,04,04100,湿原
青葉城跡,04,04215,城跡・城郭
旧有備館庭園,04,04100,庭園・公園
大崎八幡神社,04,04203,社寺
塩釜神社,04,04401,社寺
瑞厳寺,04,04401,社寺
五大堂,04,04203,社寺
志波彦神社,04,04202,社寺
金華山,04,04214,島
萱野崎,04,04324,岬
お釜,04,04302,湖沼
七ケ宿街道（上戸沢～二井宿峠）,05,05303,歴史景観
十和田湖,05,05215,湖沼
田沢湖,05,05206,湖沼
入道崎,05,05215,岬
角館武家屋敷,06,06203,歴史景観
湯殿山神社,06,06206,社寺
慈恩寺,07,07408,社寺
弥兵衛平,06,06203,湿原
大鳥池,06,06201,湖沼
立石寺（山寺）,06,06203,社寺
出羽三山神社（羽黒山神社）,06,06428,社寺
弥陀ヶ原,06,06203,湿原
善宝寺,06,06203,社寺
羽黒山宿坊,06,06212,歴史景観
銀山温泉の湯治場,07,07402,歴史景観
五色沼,07,07201,湖沼
鎌沼,07,07402,湖沼
雄国沼,07,07201,湖沼
桶沼,07,07408,湖沼
猪苗代湖,07,07402,湖沼
檜原湖,07,07402,湖沼
小野川湖,07,07408,湖沼
秋元湖,07,07209,湖沼
松川浦,07,07402,湖沼
雄国沼湿原,07,07368,湿原
田代山頂湿原,07,07204,湿原
白水阿弥蛇堂,07,07202,社寺
若松城跡（鶴ｶﾞ城跡）,07,07210,城跡・城郭
霞ケ城跡,07,07207,城跡・城郭
須賀川牡丹園,07,07362,庭園・公園
大内宿,07,07208,歴史景観
熊野神社,07,07208,社寺
喜多方蔵の町並,15,15225,歴史景観
尾瀬ヶ原,08,08443,湿原
霞ケ浦,08,08222,湖沼
鹿島神宮,08,08201,社寺
常盤神社,08,08231,社寺
楽法寺,08,08216,社寺
笠間稲荷神社,08,08231,社寺
筑波山神社,08,08216,社寺
西念寺,08,08201,社寺
偕楽園,09,09206,庭園・公園
戦場ヶ原,09,09206,湿原
鬼怒沼湿原,09,09206,湿原
東照宮,09,09206,社寺
輪王寺大猷院霊廟,09,09203,社寺
太平山神社,09,09205,社寺
古峯神社,09,09202,社寺
鶏足寺,09,09202,社寺
鑁阿寺,09,09206,社寺
二荒山神社,09,09210,社寺
雲厳寺,09,09342,社寺
円通寺,09,09342,社寺
西明寺,09,09203,社寺
巴波川の蔵屋敷群,09,09206,歴史景観
中禅寺湖,07,07402,湖沼
五色沼,09,09206,湖沼
五十里湖,09,09206,湖沼
湯ノ湖,09,09203,湖沼
渡良瀬遊水池,10,10443,湖沼
アヤメ平,10,10202,湿原
達磨寺（少林山）,09,09206,社寺
東照宮,10,10210,社寺
一の宮貫前神社,10,10443,社寺
尾瀬沼,10,10449,湖沼
奥利根湖,10,10426,湖沼
湯釜,10,10427,湖沼
野反湖,10,10202,湖沼
榛名湖,01,01337,湖沼
大沼,10,10443,湖沼
菅沼,10,10443,湖沼
丸沼,10,10521,湖沼
雷電神社,10,10202,社寺
榛名神社,10,10210,社寺
妙義神社,10,10206,社寺
弥勒寺,10,10205,社寺
大光院,10,10207,社寺
茂林寺,11,11230,社寺
平林寺庭園・社林,11,11383,社寺、庭園・公園
金鑚神社,11,11207,社寺
三峰神社,11,11201,社寺
喜多院,11,11349,社寺
慈光寺,11,11101,社寺
氷川神社,12,12202,社寺
犬吠崎,12,12211,岬
成田山新勝寺,12,12236,社寺
観福寺,12,12203,社寺
真間山弘法寺,12,12203,社寺
法華経寺,12,12211,社寺
東勝寺,12,12223,社寺
清澄寺,12,12463,社寺
日本寺,12,12236,社寺
香取神宮,12,12427,社寺
笠森寺,12,12421,社寺
玉前神社,12,12236,社寺
佐原町町並み,12,12223,歴史景観
誕生寺,13,13361,社寺
伊豆大島,13,13381,島
サタド―岬,13,13421,岬
小笠原諸島,13,13401,島
鳥島,13,13401,島
八丈島,13,13381,島
三宅島,13,13364,島
神津島,13,13363,島
式根島,13,13363,島
新島,13,13362,島
利島,13,13113,島
明治神宮,13,13101,社寺
靖国神社,13,13108,社寺
亀戸天神社,13,13101,社寺
ニコライ堂,13,13122,社寺
柴又帝釈天,13,13114,社寺
新井薬師,13,13103,社寺
泉岳寺,13,13102,社寺
西本願寺別院,13,13103,社寺
増上寺,13,13101,社寺
神田神社,13,13206,社寺
大国魂神社,13,13105,社寺
根津神社,13,13106,社寺
浅草寺,13,13106,社寺
寛永寺,09,09206,社寺
東照宮,13,13105,社寺
護国寺,13,13111,社寺
本門寺,13,13104,社寺
新宿御苑,13,13102,庭園・公園
旧浜離宮庭園,13,13106,庭園・公園
上野公園,13,13109,庭園・公園
自然教育園,13,13117,庭園・公園
旧古河庭園,13,13104,庭園・公園
明治神宮外苑,13,13105,庭園・公園
六義園,13,13105,庭園・公園
小石川後楽園,13,13101,庭園・公園
日比谷公園,13,13108,庭園・公園
富岡八幡神社,13,13108,社寺
深川不動尊,13,13205,社寺
御岳神社,13,13212,社寺
高幡不動,13,13215,社寺
谷保天満宮,13,13208,社寺
深大寺,13,13101,社寺
皇居隣接公園群,13,13108,庭園・公園
清澄庭園,14,14204,庭園・公園
建長寺,14,14204,社寺
円覚寺,14,14204,社寺
高徳院（鎌倉大仏）,14,14204,社寺
鶴岡八幡宮,14,14204,社寺
東慶寺,14,14204,社寺
覚園寺,14,14204,社寺
寿福寺,14,14205,社寺
清浄光寺,14,14217,社寺
最乗寺,14,14382,社寺
早雲寺,14,14205,社寺
江ノ島神社,14,14214,社寺
阿夫利神社,14,14100,社寺
外人墓地,14,14204,社寺
光明寺,14,14206,社寺
小田原城跡,14,14100,城跡・城郭
三渓園,14,14204,庭園・公園
明月院,14,14204,社寺
瑞泉寺庭園,14,14130,社寺、庭園・公園
平間寺（川崎大師）,14,14382,社寺
芦ノ湖,15,15224,湖沼
佐渡,15,15224,島
加茂湖,15,15225,湖沼
奥只見湖,20,20602,湖沼
苗場山頂の湿原,15,15217,湿原
天狗の庭湿原,15,15217,湿原
高谷池湿原,15,15342,湿原
弥彦神社,15,15222,社寺
高田城跡,15,15206,城跡・城郭
清水園,15,15224,庭園・公園
宿根木集落,15,15222,歴史景観
林泉寺,16,16323,社寺
黒部湖,16,16210,湖沼
瑞泉寺,16,16201,社寺
富山城址,16,16202,城跡・城郭
高岡城跡,16,16210,城跡・城郭
五箇山相倉集落,16,16210,歴史景観
五箇山菅沼集落,16,16202,歴史景観
国泰寺,17,17203,社寺
那谷寺,17,17204,社寺
総持寺（租院）,17,17201,社寺
妙立寺,17,17201,社寺
金沢城跡,17,17201,城跡・城郭
兼六園,17,17201,庭園・公園
金沢の街並み,17,17207,歴史景観
妙成寺,17,17210,社寺
白山比メ神社,17,17201,社寺
尾山神社,17,17201,社寺
西田家庭園,17,17384,庭園・公園
関野鼻,17,17205,岬
禄剛崎,17,17204,岬
鴨ｶﾞ浦,18,18423,岬
越前岬,18,18501,岬
三方五湖,18,18206,湖沼
平泉寺（白山神社）,18,18210,社寺
丸岡城,18,18201,城跡・城郭
一乗谷朝倉氏遺跡庭園,18,18322,庭園・公園
永平寺,18,18204,社寺
明通寺,19,19430,社寺
河口湖,19,19430,湖沼
本栖湖,19,19430,湖沼
精進湖,19,19430,湖沼
西湖,19,19425,湖沼
山中湖,19,19201,湖沼
大泉寺,19,19213,社寺
棲雲寺,19,19201,社寺
武田神社,19,19201,社寺
善光寺,19,19202,社寺
富士浅間神社,19,19213,社寺
恵林寺庭園,19,19365,社寺、庭園・公園
久遠寺庭園,19,19213,社寺、庭園・公園
大善寺,20,20202,社寺
大正池,20,20212,湖沼
木崎湖,20,20361,湖沼
諏訪湖,20,20583,湖沼
野尻湖,20,20212,湖沼
青木湖,20,20349,湖沼
大法寺,20,20202,社寺
松本城,20,20208,城跡・城郭
小諸城跡,20,20423,城跡・城郭
妻籠宿,20,20361,歴史景観
諏訪大社,20,20201,社寺
戸隠神社,19,19201,社寺
善光寺,20,20210,社寺
光前寺,20,20203,社寺
安楽寺,21,21203,社寺
安国寺,21,21401,社寺
華厳寺,21,21401,社寺
横蔵寺,21,21219,社寺
八幡城,21,21201,城跡・城郭
岐阜城,21,21204,城跡・城郭
永保寺庭園,21,21203,社寺、庭園・公園
照蓮寺庭園,21,21203,庭園・公園
高山の街並み,21,21604,歴史景観
白川郷合掌造り集落,21,21217,歴史景観
古川町屋と土蔵群,21,21361,歴史景観
南宮大社,22,22221,社寺
浜名湖,22,22223,湖沼
御前崎,22,22306,岬
黄金崎,22,22304,岬
石廊崎,22,22219,岬
爪木崎,22,22207,岬
大石寺,22,22209,社寺
智満寺,22,22137,社寺
秋葉神社,22,22216,社寺
可睡斎,22,22216,社寺
尊永寺,22,22207,社寺
富士宮浅間神社,22,22100,社寺
久能山東照宮,22,22100,社寺
静岡浅間神社,22,22135,社寺
龍潭寺庭園,22,22206,庭園・公園
三島大社,22,22135,社寺
方広寺,22,22222,社寺
修禅寺,22,22216,社寺
油山寺,23,23231,社寺
伊良湖岬,23,23100,岬
名古屋城,23,23100,城跡・城郭
熱田神宮,23,23221,社寺
鳳来寺,09,09206,社寺
東照宮,23,23207,社寺
豊川稲荷,23,23100,社寺
宝生院,23,23203,社寺
真清田神社,23,23446,社寺
大御堂寺,23,23208,社寺
津島神社,23,23202,社寺
滝山寺,23,23202,社寺
伊賀八幡宮,23,23237,社寺
甚目寺,23,23202,社寺
大樹寺,23,23202,社寺
岡崎城,23,23100,城跡・城郭
名古屋城二ノ丸公園,23,23220,庭園・公園
尾張大国霊神社,23,23215,社寺
犬山城,23,23204,城跡・城郭
定光寺,23,23202,社寺
滝山東照宮,24,24203,社寺
皇大神宮（伊勢神宮内宮）,24,24203,社寺
豊受大神宮（伊勢神宮外宮）,24,24471,社寺
滝原宮,24,24201,社寺
高田本山専修寺,24,24203,社寺
金剛証寺,24,24205,社寺
多度大社,24,24216,社寺
伊賀上野城址,24,24215,城跡・城郭
大王崎,25,25201,岬
園城寺,25,25201,社寺
延暦寺,25,25203,社寺
宝厳寺,25,25203,社寺
都久夫須麻神社,09,09342,社寺
西明寺,25,25425,社寺
金剛輪寺,25,25203,社寺
大通寺,25,25384,社寺
苗村神社,25,25201,社寺
満月寺（浮御堂）,25,25201,社寺
石山寺,25,25206,社寺
芦浦観音寺,25,25210,社寺
兵主神社,25,25210,社寺
御上神社,25,25211,社寺
常楽寺,25,25211,社寺
善水寺,25,25209,社寺
油日神社,25,25201,社寺
近江神宮,25,25213,社寺
安土城跡,25,25204,城跡・城郭
観音寺城跡,22,22135,城跡・城郭
龍潭寺庭園,25,25202,庭園・公園
玄宮楽楽園庭園,25,25214,庭園・公園
福田寺庭園,25,25201,庭園・公園
居初邸庭園,25,25204,庭園・公園
近江八幡土蔵商家群,25,25201,歴史景観
坂本門前町,25,25202,歴史景観
彦根町並み,25,25443,歴史景観
多賀大社,25,25202,社寺
彦根城,25,25209,城跡・城郭
大池寺庭園,25,25201,庭園・公園
日吉大社,25,25204,社寺
長命寺,25,25213,社寺
石塔寺,25,25203,社寺
向源寺,25,25213,社寺
石馬寺,25,25204,社寺
日牟礼八幡神社,25,25201,社寺
西教寺,25,25213,社寺
永源寺,25,25204,社寺
観音正寺,25,25203,社寺
余呉湖,25,25207,湖沼
琵琶湖,26,26107,湖沼
教王護国寺（東寺）,26,26106,社寺
本願寺（東）,26,26105,社寺
蓮華王院,26,26103,社寺
鞍馬寺,26,26204,社寺
万福寺,26,26105,社寺
智積院,26,26109,社寺
醍醐寺,26,26210,社寺
石清水八幡宮,26,26103,社寺
寂光院,26,26103,社寺
来迎院,26,26101,社寺
賀茂別雷神社,26,26102,社寺
北野天満宮,26,26108,社寺
化野念仏寺,26,26108,社寺
広隆寺,26,26103,社寺
蓮華寺,26,26104,社寺
二条城,26,26109,城跡・城郭
伏見城,26,26108,城跡・城郭
桂離宮庭園,26,26102,庭園・公園
仙洞御所　,26,26103,庭園・公園
円通寺庭園,26,26211,庭園・公園
酬恩庵（一休寺）庭園,26,26106,庭園・公園
本願寺（西本願寺）滴翠園,26,26106,社寺、庭園・公園
渉成園,26,26108,庭園・公園
龍安寺方丈庭園,26,26101,社寺、庭園・公園
鹿苑寺（金閣寺）庭園,26,26108,社寺、庭園・公園
西芳寺（苔寺）庭園,26,26108,社寺、庭園・公園
退蔵院庭園,26,26102,庭園・公園
不審庵庭園,26,26105,庭園・公園
芬陀院庭園,26,26105,庭園・公園
勧修寺の庭園,26,26102,社寺、庭園・公園
京都御所庭園,26,26102,庭園・公園
本法寺庭園,26,26105,庭園・公園
青蓮院庭園,26,26303,社寺、庭園・公園
妙喜庵の路地,26,26204,庭園・公園
平等院庭園,26,26108,社寺、庭園・公園
玉鳳院庭園,26,26101,庭園・公園
正伝寺庭園,26,26102,庭園・公園
今日庵庭園,26,26103,庭園・公園
詩仙堂庭園,26,26101,社寺、庭園・公園
高桐院庭園,26,26101,庭園・公園
瑞峯院庭園,26,26101,庭園・公園
竜源院の竜吟庭,26,26108,庭園・公園
仁和寺御殿庭園,26,26108,社寺、庭園・公園
法金剛院庭園,26,26101,庭園・公園
上賀茂町並み,26,26100,歴史景観
産寧坂門前町,26,26100,歴史景観
祇園新橋茶屋町,26,26100,歴史景観
嵯峨鳥居本門前町,26,26100,歴史景観
伏見酒蔵,26,26104,歴史景観
寺院町景観,26,26105,歴史景観
八坂神社,26,26105,社寺
清水寺,26,26105,社寺
知恩院,26,26214,社寺
蟹満寺,26,26108,社寺
大覚寺,26,26101,社寺
光悦寺,26,26108,社寺
高山寺,26,26108,社寺
神護寺,26,26108,社寺
天竜寺,26,26103,社寺
賀茂御祖神社,26,26103,社寺
修学院離宮庭園,26,26103,庭園・公園
慈照寺（銀閣寺）庭園,26,26109,社寺、庭園・公園
三宝院庭園,26,26101,社寺、庭園・公園
真珠庵庭園,26,26101,庭園・公園
狐篷庵庭園,26,26108,庭園・公園
霊雲院庭園,26,26101,庭園・公園
聚光院庭園,26,26101,庭園・公園
大仙院庭園,26,26108,庭園・公園
天滝寺庭園,26,26105,庭園・公園
両足院庭園,26,26105,庭園・公園
高台寺庭園,26,26214,社寺、庭園・公園
浄瑠璃寺庭園,26,26105,社寺、庭園・公園
東福寺開山堂庭園,26,26105,社寺、庭園・公園
成就院庭園,26,26108,庭園・公園
東海庵書院庭園,26,26103,庭園・公園
三千院庭園,26,26103,社寺、庭園・公園
金地院庭園,26,26103,庭園・公園
曼殊院書院庭園,26,26108,社寺、庭園・公園
厭離庵庭園,26,26108,庭園・公園
大沢池,26,26108,庭園・公園
桂春院庭園,26,26103,庭園・公園
平安神宮庭園,26,26213,社寺、庭園・公園
美山町北山村集落,26,26109,歴史景観
伏見稲荷神社,26,26108,社寺
嵯峨野,26,26105,歴史景観
泉涌寺,26,26103,社寺
禅林寺,26,26104,社寺
二条城二之丸庭園,26,26105,庭園・公園
建仁寺,26,26103,社寺
南禅寺方丈庭園,26,26101,社寺、庭園・公園
大徳寺方丈庭園,26,26108,社寺、庭園・公園
妙心寺庭園,27,27100,社寺、庭園・公園
四天王寺,27,27100,社寺
住吉大社,27,27220,社寺
勝尾寺,27,27226,社寺
道明寺天満宮,27,27140,社寺
開口神社,27,27100,社寺
大念仏寺,27,27222,社寺
誉田八幡宮,27,27216,社寺
天野山金剛寺,27,27226,社寺
葛井寺,27,27208,社寺
孝恩寺,27,27216,社寺
観心寺,27,27213,社寺
慈眼院,27,27140,社寺
桜井神社,27,27100,社寺
勝鬘院,27,27301,社寺
水無瀬神宮,27,27140,社寺
南宗寺庭園,27,27361,社寺、庭園・公園
来迎寺,27,27220,社寺
滝安寺,27,27227,社寺
枚岡神社,27,27140,社寺
家原寺,27,27140,社寺
大鳥神社,27,27208,社寺
水間寺,27,27202,社寺
久米田寺,27,27100,社寺
大阪城,27,27202,城跡・城郭
岸和田城,27,27227,城跡・城郭
鴻池新田会所庭園,27,27100,庭園・公園
中之島公園,27,27205,庭園・公園
万博記念公園,27,27207,庭園・公園
普門寺庭園,27,27100,庭園・公園
慶沢園,27,27100,庭園・公園
天満宮,27,27219,社寺
施福寺,27,27100,社寺
杭全神社,28,28201,社寺
家島諸島,28,28226,島
淡路島,28,28220,島
一乗寺,28,28209,社寺
温泉寺,28,28217,社寺
多田神社,28,28210,社寺
鶴林寺,28,28201,社寺
姫路城,28,28203,城跡・城郭
明石城跡,28,28225,城跡・城郭
竹田城跡,28,28100,城跡・城郭
神戸北野異人館群,28,28209,歴史景観
出石町並み,28,28100,歴史景観
太山寺,28,28201,社寺
書写山円教寺,28,28218,社寺
浄土寺,29,29201,社寺
東大寺,29,29344,社寺
法隆寺,29,29212,社寺
室生寺,29,29201,社寺
春日大社,29,29201,社寺
興福寺,29,29201,社寺
唐招堤寺,29,29402,社寺
岡寺,29,29204,社寺
石上神宮,29,29344,社寺
法起寺,29,29209,社寺
長弓寺,29,29201,社寺
新薬師寺,29,29201,社寺
秋篠寺,29,29212,社寺
宇太水分神社,29,29453,社寺
丹生川上神社,29,29203,社寺
松尾寺,29,29402,社寺
飛鳥坐神社,29,29205,社寺
橿原神宮,29,29209,社寺
宝山寺,29,29441,社寺
吉野水分神社,29,29201,社寺
円成寺,29,29201,社寺
般若寺,29,29201,社寺
不退寺,29,29344,社寺
法輪寺,29,29204,社寺
長岳寺,29,29206,社寺
大神神社,29,29206,社寺
長谷寺,29,29201,社寺
法華寺,29,29344,社寺
吉田寺,29,29206,社寺
談山神社,29,29342,社寺
朝護孫子寺,29,29401,社寺
南法華寺,29,29201,社寺
興福院,29,29201,社寺
十輪院,29,29344,社寺
中宮寺,29,29206,社寺
安倍文殊院,29,29201,社寺
大安寺,29,29201,社寺
白豪寺,29,29402,社寺
安居院,29,29205,社寺
久米寺,29,29201,社寺
西大寺,29,29211,社寺
当麻寺中之坊庭園,29,29441,社寺、庭園・公園
竹林院庭園,29,29201,庭園・公園
旧大乗院庭園,29,29203,庭園・公園
慈光院庭園,29,29205,社寺、庭園・公園
今井町の街並み,29,29203,歴史景観
大和郡山町並み,29,29441,歴史景観
金峰山寺,29,29201,社寺
円照寺,29,29203,社寺
金剛山寺,29,29201,社寺
依水園,29,29402,庭園・公園
明日香村,29,29201,歴史景観
薬師寺,29,29201,社寺
元興寺,29,29206,社寺
聖林寺,29,29201,社寺
正暦寺,29,29201,社寺
帯解寺,29,29402,社寺
橘寺,30,30344,社寺
高野山,30,30421,社寺
熊野那智大社,30,30421,社寺
青岸渡寺,30,30392,社寺
道成寺,30,30201,社寺
国懸神宮,30,30206,社寺
熊野本宮大社,30,30201,社寺
和歌山城跡,30,30208,城跡・城郭
粉河寺庭園,30,30344,社寺、庭園・公園
天徳院庭園,30,30201,庭園・公園
養翠園,30,30344,庭園・公園
高野山集落,30,30202,歴史景観
黒江町並み,30,30207,歴史景観
熊野速玉大社,30,30201,社寺
紀三井寺,30,30209,社寺
根来寺,30,30201,社寺
日前神宮,30,30428,社寺
大島,30,30421,島
紀ノ松島,30,30201,島
友が島,30,30428,島
潮岬,30,30428,岬
樫野崎,30,30382,岬
日ノ岬,30,30406,岬
江須崎,31,31201,岬
長尾鼻,31,31364,岬
三仏寺,31,31386,社寺
大山寺,31,31370,社寺
倭文神社,31,31372,社寺
観音寺,31,31386,社寺
阿弥陀堂,31,31202,社寺
米子城跡,31,31201,城跡・城郭
観音院庭園,31,31201,庭園・公園
鳥取城跡,32,32528,城跡・城郭
隠岐諸島,32,32401,島
宍道湖,32,32201,湖沼
美保関地蔵崎,32,32201,岬
潜戸鼻,32,32203,岬
日御碕,32,32206,岬
雲樹寺,32,32205,社寺
物部神社,32,32201,社寺
八重垣神社,32,32528,社寺
玉若酢命神社,32,32201,社寺
熊野大社,32,32201,社寺
松江城跡,32,32501,城跡・城郭
津和野城跡,32,32204,城跡・城郭
万福寺庭園,32,32204,庭園・公園
医光寺庭園,32,32205,庭園・公園
大森銀山町並み,32,32203,歴史景観
一畑薬師寺,32,32203,社寺
出雲大社,32,32201,社寺
神魂神社,32,32201,社寺
月照寺,32,32203,社寺
鰐淵寺,32,32206,社寺
足立美術庭園,32,32501,庭園・公園
津和野町並,32,32203,歴史景観
日御碕神社,32,32201,社寺
美保神社,26,26105,社寺
清水寺,33,33100,社寺
吉備津神社,33,33100,社寺
高松最上稲荷,12,12223,社寺
誕生寺,07,07208,社寺
熊野神社,33,33203,社寺
中山神社,33,33100,社寺
岡山城,33,33209,城跡・城郭
備中松山城,33,33203,城跡・城郭
津山城跡,33,33100,城跡・城郭
後楽園,26,26103,庭園・公園
円通寺庭園,33,33203,庭園・公園
衆楽園,33,33209,庭園・公園
頼久寺庭園,33,33100,庭園・公園
曹源寺庭園,33,33202,庭園・公園
倉敷美観地区,33,33100,歴史景観
吉備津の門前町,33,33209,歴史景観
吹屋町並み,33,33209,歴史景観
高梁町並み,33,33203,歴史景観
津山市上ノ町町並み,33,33205,歴史景観
白石島,33,33211,島
日生諸島,34,34213,島
厳島神社,34,34213,社寺
千畳閣,34,34207,社寺
福山城,34,34100,城跡・城郭
縮景園,34,34207,庭園・公園
鞆町並み,34,34203,歴史景観
竹原町並み,34,34205,歴史景観
西国寺,34,34207,社寺
明王院,28,28218,社寺
浄土寺,34,34205,社寺
耕三寺,34,34213,社寺
宮島,34,34205,島
生口島,34,34207,島
仙酔島,34,34215,島
江田島,35,35341,島
祝島,35,35211,島
青海島,35,35204,島
見島,35,35201,島
赤間神宮,35,35203,社寺
洞春寺,35,35204,社寺
東光寺,35,35206,社寺
防府天満宮,35,35202,社寺
宗隣寺庭園,35,35203,庭園・公園
常栄寺庭園,35,35206,庭園・公園
毛利邸庭園,35,35201,庭園・公園
長府の侍屋敷,35,35201,歴史景観
住吉神社,35,35204,社寺
萩城跡,35,35204,城跡・城郭
萩の武家屋敷,35,35208,歴史景観
岩国城,35,35202,城跡・城郭
常磐公園,36,36201,庭園・公園
徳島城表御殿庭園,36,36207,庭園・公園
卯だつの町並み,36,36204,歴史景観
椿泊漁村景観,36,36208,歴史景観
箸蔵寺,37,37404,社寺
塩飽七島,37,37324,島
小豆島,37,37204,島
善通寺,37,37202,社寺
丸亀城,37,37201,城跡・城郭
高松城,37,37201,城跡・城郭
栗林公園,37,37201,庭園・公園
男木島の町並み,37,37403,歴史景観
金刀比羅宮,37,37201,社寺
屋島寺,37,37208,社寺
弥谷寺,37,37208,社寺
本山寺,37,37206,社寺
大窪寺,38,38202,社寺
大三島,38,38442,島
佐田岬,38,38202,岬
大山祇神社,38,38203,社寺
和霊神社,38,38201,社寺
伊佐爾波神社,38,38206,社寺
興隆寺,38,38356,社寺
祥雲寺,38,38207,社寺
出石寺,38,38201,社寺
伊予豆比古命神社,38,38206,社寺
石鎚神社,38,38206,社寺
保国寺,38,38214,社寺
龍澤寺,38,38386,社寺
岩屋寺,38,38201,社寺
松山城,38,38203,城跡・城郭
宇和島城,38,38202,城跡・城郭
今治城,38,38203,城跡・城郭
南楽園,38,38203,庭園・公園
天赦園,38,38422,庭園・公園
内子の町並み（八日市）,28,28100,歴史景観
太山寺,38,38207,社寺
如法寺,38,38201,社寺
石手寺,38,38206,社寺
伊曽乃神社,44,44205,社寺
屋形島のサンゴ群落,44,44205,海岸
蒲江海岸,45,45207,海岸
日南海岸,45,45203,海岸
南北浦海岸,46,46215,海岸
長目の浜,46,46535,海岸
百合ヶ浜海岸,46,46220,海岸
吹上浜,46,46529,海岸
離水サンゴ礁,47,47381,海岸
仲間川,47,47381,河川
浦内川,47,47361,河川
はての浜,47,47207,海岸
底地,47,47214,海岸
与那覇前浜,47,47207,海岸
川平湾,47,47354,海岸
古座間味(座),47,47311,海岸
万座毛,47,47381,海岸
高那崎(波),47,47360,海岸
二見ヶ浦(是),47,47359,海岸
野甫米岬(平),47,47315,海岸
ハダ海岸(江),47,47353,海岸
渡嘉志久(渡),47,47301,海岸
茅打ちバンタ,47,47353,海岸
阿波連(渡),01,01457,海岸
層雲峡,01,01694,峡谷
知床半島の海岸,01,01691,海岸
野付半島,01,01663,海岸
厚岸海岸,01,01402,海岸
雷電海岸,01,01642,海岸
襟裳海岸,01,01408,海岸
積丹海岸,01,01547,海岸
北見小清水海岸,01,01487,海岸
天塩川,01,01235,河川
石狩川,02,02426,河川
仏ヶ浦,02,02321,海岸
七里長浜,02,02203,海岸
種差海岸,02,02424,海岸
猿ヶ森砂丘,02,02303,海岸
袰月海岸,02,02206,海岸
奥入瀬,02,02208,峡谷
薬研渓流,02,02321,峡谷
赤石川渓流,02,02201,峡谷
城ヶ倉渓流,03,03484,峡谷
北山崎,03,03202,海岸
浄土ヶ浜,03,03483,海岸
茂師海岸,03,03202,海岸
女遊戸海岸,03,03485,海岸
普代海岸,03,03202,海岸
田老海岸,03,03209,海岸
北上川,03,03209,河川
猊鼻渓,04,04213,峡谷
三迫川上流渓谷,04,04215,峡谷
鳴子峡,04,04301,峡谷
澄川渓谷,04,04324,峡谷
濁川渓谷,03,03209,峡谷
北上川,04,04205,河川
巨釜半造,04,04581,海岸
牡鹿半島海岸,05,05206,海岸
男鹿西海岸,06,06428,海岸
最上川,07,07445,河川
只見川,08,08364,河川
奥久慈渓谷,08,08309,峡谷
那珂川,08,08226,河川
久慈川,08,08215,河川
五浦海岸,09,09206,海岸
雲竜峡,09,09206,峡谷
鬼怒川源流,09,09206,峡谷
含満ケ淵,09,09206,峡谷
竜王峡,10,10449,峡谷
照葉峡,10,10449,峡谷
利根川（上流）,11,11207,河川
中津峡,11,11363,峡谷
長瀞峡,12,12410,峡谷
九十九里浜,13,13363,海岸
羽伏浦海岸,15,15461,海岸
清津峡,15,15385,峡谷
阿賀野川,15,15202,河川
信濃川,15,15224,河川
尖閣湾,15,15212,海岸
笹川流,15,15224,海岸
外海府海岸,16,16323,海岸
黒部峡谷,16,16323,峡谷
称名峡,16,16210,峡谷
庄川峡,16,16323,峡谷
常願寺川,16,16208,河川
庄川,17,17202,河川
灘浦海岸,16,16207,海岸
黒部川,17,17205,河川
木ノ浦海岸,17,17386,海岸
千里浜海岸,17,17205,海岸
曽々木海岸,17,17384,海岸
能登金剛,17,17463,海岸
九十九湾,18,18404,海岸
敦賀半島西岸,18,18210,海岸
東尋坊,18,18423,海岸
越前海岸,18,18202,海岸
気比の松原,19,19368,海岸
富士川,19,19205,河川
東沢渓谷,19,19205,峡谷
西沢渓谷,19,19201,峡谷
昇仙峡,19,19368,峡谷
白鳳渓谷,20,20208,峡谷
千曲川,20,20432,河川
木曽川,20,20202,河川
梓川,20,20411,河川
天竜川,20,20205,河川
天竜峡,20,20422,峡谷
木曽川の谷,20,20212,峡谷
高瀬渓谷,20,20202,峡谷
梓川上流,21,21401,峡谷
揖斐川,21,21219,河川
長良川,21,21206,河川
付知峡,21,21206,峡谷
恵那峡,21,21505,峡谷
蘇水峡,21,21220,峡谷
中山七里,22,22222,峡谷
狩野川,22,22209,河川
大井川,22,22304,河川
伊豆南海岸,22,22223,海岸
浜岡砂丘,22,22130,海岸
中田島砂丘,22,22306,海岸
堂ヶ島海岸,22,22103,海岸
三保の松原,22,22208,海岸
城ヶ崎海岸,22,22429,海岸
寸又峡,23,23231,峡谷
恋路ヶ浜,24,24215,海岸
英虞湾,24,24209,海岸
賀田湾,24,24212,海岸
熊野灘海蝕海岸,24,24472,海岸
五ヶ所湾,24,24211,海岸
鳥羽湾,24,24543,海岸
紀伊長島海岸,24,24443,海岸
大杉谷,24,24208,峡谷
赤目渓谷（香落渓）,30,30427,峡谷
奥瀞,25,25201,峡谷
雄松崎（近江舞子）,25,25201,海岸
瀬田川渓谷,26,26206,峡谷
保津川,26,26205,河川
天橋立,26,26212,海岸
間人の海岸,26,26344,海岸
宇治川,28,28225,河川
生野渓谷,28,28585,峡谷
香住海岸,28,28224,海岸
慶野松原,28,28229,海岸
室津海岸,28,28586,海岸
但馬御火浦,30,30206,海岸
奇絶峡,30,30424,峡谷
古座峡,30,30343,峡谷
紀の川,30,30383,河川
白崎海岸,30,30421,海岸
勝浦,04,04202,海岸
千畳敷,30,30201,岩石・洞窟
和歌ノ浦,30,30401,海岸
白良浜海岸,31,31302,海岸
浦富海岸,31,31201,海岸
鳥取砂丘,31,31204,海岸
弓ガ浜,31,31201,海岸
夏泊海岸,31,31201,海岸
白兎海岸,32,32449,海岸
断魚渓,32,32449,峡谷
千畳渓,32,32203,峡谷
立久恵峡,32,32204,峡谷
裏匹見峡,32,32528,峡谷
白島海岸,32,32203,海岸
日御碕海岸,32,32202,海岸
石見畳ガ浦,32,32528,海岸
浄土ガ浦海岸,32,32201,海岸
美保ノ北浦,32,32528,海岸
千畳敷海岸,32,32526,海岸
国賀海岸,33,33209,海岸
磐窟峡,33,33210,峡谷
高梁川,38,None,河川
瀬戸内海,34,34369,海岸
三段峡,34,34545,峡谷
帝釈峡,34,34202,峡谷
音戸の瀬戸,34,34207,海岸
鞆ノ浦,35,35204,海岸
須佐湾,35,35210,海岸
室積半島,35,35208,海岸
寂地峡,35,35201,峡谷
石柱渓,35,35204,峡谷
長門峡,29,29443,峡谷
吉野川,36,36208,河川
大歩危小歩危,36,36208,峡谷
祖谷渓,37,37324,峡谷
双子浦,38,38206,海岸
高瀑渓,38,38484,峡谷
滑床渓谷,38,38386,峡谷
面河渓,38,38207,峡谷
肱川,39,39210,河川
四万十川,39,39424,河川
大堂海岸,39,39206,海岸
浦ノ内湾,39,39201,海岸
桂浜,39,39428,海岸
入野松原,40,40228,海岸
筑後川,41,41202,河川
虹の松原海岸,42,42209,海岸
浅茅湾,42,42208,海岸
イロハ島海岸,42,42322,海岸
大崎半島,42,42211,海岸
嵯峨島断崖,42,42411,海岸
若松瀬戸,43,43513,海岸
球磨川,43,43215,河川
天草西海岸,43,43215,海岸
牛深海岸,43,43210,海岸
菊池渓谷,03,03203,峡谷
碁石海岸,44,44462,海岸
耶馬渓,30,30207,峡谷
瀞峡,30,30427,峡谷
北山峡,29,29443,峡谷
吉野川,34,34209,河川
江の川,43,43511,河川
五木・五家荘渓谷,45,45443,峡谷
蘇陽峡,37,37322,峡谷
余島海岸,20,20411,海岸
天竜川,21,21504,河川
飛水峡,17,17210,峡谷
手取峡谷,16,16201,峡谷
神通峡,05,05212,峡谷
雄物川,10,10429,河川
吾妻峡,12,12349,峡谷
利根川,04,04406,河川
松島,01,01459,海岸
天人峡,45,45442,峡谷
高千穂峡,15,15581,峡谷
荒川峡,47,47381,峡谷
マリウドの滝(西),47,47215,滝
玉泉洞,47,47361,岩石・洞窟
久米島畳石(久),47,47381,岩石・洞窟
仲間川植物群落,47,47381,植物
シ―ラ川ヒルギ(西),47,47214,植物
八重干瀬,47,47201,自然現象
玉陵,47,47207,史跡
宮良殿内(石),47,47211,史跡
沖縄市エイサ―大会,47,47381,年中行事
竹富種子取祭,47,47201,年中行事
那覇まつり,47,47210,年中行事
糸満ハ―リ―,47,47348,年中行事
与那原大綱引,47,47201,年中行事
首里城公園（国営沖縄記念公園）,47,47210,建造物
ひめゆりの塔,47,47308,建造物
海洋博記念公園水族館,47,47308,動植物園・水族館
熱帯ドリ―ムセンタ―,47,47211,動植物園・水族館
東南植物楽園,47,47381,動植物園・水族館
浦内川植物群落,47,47381,植物
ハテルマ集落のフクギ(波),47,47208,植物
浦添獅子舞,47,47214,年中行事
ウヤガンサイ,47,47354,年中行事
沖縄の珊瑚礁,47,47381,動物
仲間川,47,47381,河川
浦内川,47,47361,河川
はての浜,47,47207,海岸
底地,47,47214,海岸
与那覇前浜,47,47207,海岸
川平湾,47,47354,海岸
古座間味(座),47,47311,海岸
万座毛,47,47381,海岸
高那崎(波),47,47360,海岸
二見ヶ浦(是),47,47359,海岸
野甫米岬(平),47,47315,海岸
ハダ海岸(江),47,47353,海岸
渡嘉志久(渡),47,47301,海岸
茅打ちバンタ,47,47353,海岸
阿波連(渡),47,47214,海岸
東平安名岬,47,47382,岬
東崎(与),47,47301,岬
辺戸岬,47,47381,岬
西表島,47,47354,島
慶良間諸島,47,47207,島
石垣島,47,47381,島
竹富島,47,47375,島
宮古島,47,47382,島
与那国島,47,47381,島
赤瓦葺き民家群,47,47327,歴史景観
中城城跡,47,47306,城跡・城郭
今帰仁城跡,47,47308,城跡・城郭
海洋博公園（国営沖縄記念公園）,47,47210,庭園・公園
摩文仁丘,46,46222,庭園・公園
住用マングロ―ブ,46,46201,植物
桜島熔岩原,46,46505,岩石・洞窟
宮之浦岳,46,46505,山岳
永田岳,46,46201,山岳
桜島,46,46210,山岳
開聞岳,46,46208,山岳
出水のツル渡来地,46,46304,動物
トカラウマ,46,46201,動物
喜入のリュウキュウコウガイ産地,46,46215,植物
藤川天神の臥竜梅,46,46220,植物
坊津町のソテツ自生地,46,46527,植物
安木屋場のリュウキュウバショウ,46,46223,植物
清水磨崖仏,46,46533,史跡
和泊町の世の主の墓,46,46218,史跡
隼人塚,46,46201,史跡
おはら祭り,46,46201,年中行事
旧集成館,46,46201,建造物
城山,46,46224,史跡
曽木の滝,46,46534,滝
昇竜洞,46,46534,岩石・洞窟
水連洞,46,46505,岩石・洞窟
屋久杉の原始林,46,46492,植物
稲尾岳の照葉樹林,46,46218,植物
霧島のミヤマキリシマ,46,46524,植物
神屋・湯湾岳の照葉樹林,46,46502,植物
種子島宇宙センター,46,46215,建造物
薩摩国分寺塔跡,46,46468,史跡
横瀬古墳群,46,46201,史跡
桜島の噴煙,46,46215,自然現象
長目の浜,46,46535,海岸
百合ヶ浜海岸,46,46220,海岸
吹上浜,46,46529,海岸
離水サンゴ礁,46,46502,海岸
門倉崎,46,46491,岬
佐多岬,46,46532,岬
犬田布岬,46,46222,岬
アヤマル岬,46,46218,岬
大浪池,46,46210,湖沼
池田湖,46,46505,湖沼
屋久島,46,46525,島
奄美大島,46,46534,島
沖永良部島,46,46502,島
種子島,46,46529,島
喜界島,46,46532,島
徳之島,46,46535,島
与論島,46,46215,島
甑列島,46,46304,島
諏訪之瀬島,46,46505,島
花之江河湿原,46,46201,湿原
照国神社,46,46218,社寺
霧島神宮,46,46201,社寺
磯庭園（仙巌園）,46,46223,庭園・公園
知覧武家屋敷,46,46218,歴史景観
霧島山,46,46218,山岳
高千穂峰,45,45209,山岳
矢岳高原,46,46218,高原
えびの高原,45,45203,高原
行縢の滝,45,45406,滝
尾鈴山瀑布群,45,45201,滝
青島の隆起海床と奇形波蝕痕,45,45202,岩石・洞窟
関の尾の甌穴,45,45441,岩石・洞窟
高千穂峡の溶岩節理,45,45207,岩石・洞窟
幸島のサル生息地,45,45207,動物
岬馬及びその繁殖地,45,45208,動物
西都原古墳群,45,45441,史跡
高千穂夜神楽,45,45209,年中行事
霧島の紅葉,45,45207,植物
日南海岸,45,45203,海岸
南北浦海岸,45,45207,海岸
都井岬,45,45201,岬
青島,45,45204,島
鵜戸神宮,45,45201,社寺
宮崎神宮,45,45204,社寺
飫肥城下町,45,45442,歴史景観
高千穂峡,44,44210,峡谷
杵築武家屋敷,44,44208,歴史景観
坊がつる,44,44209,湿原
富貴寺,44,44211,社寺
宇佐神宮,44,44214,社寺
両子寺,44,44208,社寺
岡城跡,44,44203,城跡・城郭
中津武家屋敷,44,44462,歴史景観
耶馬渓,44,44461,峡谷
九重連山,45,45441,山岳
祖母山,44,44213,山岳
由布岳,44,44461,山岳
久住高原・飯田高原,44,44462,高原
西椎屋の滝,44,44206,滝
風連鍾乳洞,44,44201,岩石・洞窟
高崎山のサル生息地,44,44208,動物
大船山のミヤマキ,44,44202,植物
別府地獄群,44,44206,自然現象
臼杵石仏,44,44203,史跡
青の洞門,44,44211,史跡
宇佐風土記の丘,44,44201,史跡
鶴崎踊り,44,44205,年中行事
屋形島のサンゴ群落,44,44205,海岸
蒲江海岸,44,44205,海岸
鶴御崎,44,44322,岬
観音崎,44,44205,岬
屋形島,44,44201,島
高島,43,43433,島
阿蘇山と外輪山,43,43433,山岳
草千里,43,43441,高原
吉無田高原,43,43214,高原
小堀牧,43,43214,高原
波野高原,43,43425,高原
瀬ノ本高原,43,43513,高原
球泉洞,43,43210,岩石・洞窟
菊池公園の桜・ツツジ,43,43202,植物
五家荘の紅葉,43,43404,植物
大津街道杉並木,43,43214,植物
阿蘇中岳の噴煙,43,43213,自然現象
不知火,43,43201,自然現象
細川家藩主墓所,43,43201,史跡
千金甲古墳,43,43208,史跡
チブサン古墳,43,43202,史跡
妙見宮大祭,43,43208,年中行事
山鹿灯篭祭り,43,43201,年中行事
藤崎宮大祭,43,43447,年中行事
通潤橋,43,43513,建造物
球磨川,43,43215,河川
天草西海岸,43,43215,海岸
牛深海岸,43,43215,海岸
天草松島,43,43215,島
御所浦島群,43,43210,島
菊池渓谷,45,45443,峡谷
蘇陽峡,43,43215,峡谷
大江天主堂,43,43214,社寺
阿蘇神社,43,43201,社寺
藤崎八幡宮,43,43201,社寺
本妙寺,43,43203,社寺
青井阿蘇神社,43,43511,社寺
五木・五家荘渓谷,43,43201,峡谷
熊本城,43,43203,城跡・城郭
人吉城跡,43,43201,城跡・城郭
水前寺公園,42,42209,庭園・公園
浅茅湾,42,42208,海岸
イロハ島海岸,42,42322,海岸
大崎半島,42,42211,海岸
嵯峨島断崖,42,42411,海岸
若松瀬戸,42,42209,海岸
豆酘崎,42,42211,岬
大瀬崎断崖,42,42209,岬
対馬,42,42211,島
福江島,42,42202,島
九十九島,42,42207,島
平戸島,42,42210,島
壱岐島,42,42211,島
男女群島,42,42207,島
生月島,42,42203,島
九十九島（ツクモ）,42,42213,島
雲仙岳,42,42212,山岳
伊の浦瀬戸,42,42213,自然現象
池の原ミヤマキリシマ群落,42,42207,植物
平戸和蘭商館跡,42,42201,史跡
ペ―ロン,42,42201,年中行事
精霊流し,42,42201,年中行事
長崎,42,42203,地域景観
普賢岳溶岩流,42,42211,岩石・洞窟
鎧瀬熔岩流,42,42211,岩石・洞窟
嵯峨島火山海蝕崖,42,42213,岩石・洞窟
雲仙地獄,42,42201,自然現象
旧日本26聖人殉教地,42,42201,史跡
くんち,42,42201,年中行事
グラバー園,42,42201,建造物
中島川の石橋群,42,42201,建造物
孔子廟唐人館,42,42201,建造物
長崎の洋風建築,42,42201,歴史景観
大浦天主堂,42,42209,社寺
万松院,42,42201,社寺
崇福寺,42,42201,社寺
浦上天主堂,42,42211,社寺
堂崎天主堂,42,42203,社寺
島原城,42,42207,城跡・城郭
平戸城,41,41401,城跡・城郭
有田陶器市,41,41208,年中行事
清水の滝,41,41202,滝
屋形石の七ッ釜,41,41341,岩石・洞窟
大興善寺のツツジ,41,41206,植物
御船山の梅林,41,41202,植物
虹の松原,41,41425,植物
有明海の干潟,41,41327,自然現象
吉野ヶ里遺跡,41,41207,史跡
面浮立,41,41207,年中行事
祐徳稲荷のお火たき祭り,41,41202,年中行事
呼子の大綱引,41,41205,年中行事
伊万里のトンテントン,41,41202,年中行事
唐津おくんち,41,41202,年中行事
虹の松原海岸,41,41207,海岸
祐徳稲荷神社,41,41204,社寺
多久聖廟,41,41202,社寺
名護屋城跡,41,41202,城跡・城郭
唐津城,40,40228,城跡・城郭
筑後川,40,40100,河川
夜宮の大珪化木,40,40130,岩石・洞窟
名島の檣石,40,40625,岩石・洞窟
平尾台,40,40211,岩石・洞窟
石人山古墳,40,40221,史跡
太宰府政庁跡,40,40100,史跡
千仏鍾乳洞,40,40345,岩石・洞窟
立花山クスノキ原始林,40,40220,植物
沖ノ島原始林,44,44203,植物
犬ヶ岳シャクシシャクナゲ,40,40228,植物
古処山のツゲ原始林,40,40421,植物
王塚古墳,40,40221,史跡
水城跡,40,40210,史跡
岩戸山古墳,40,40226,史跡
竹原古墳,40,40130,史跡
元寇防塁,40,40130,史跡
シーサイドももち,40,40130,地域景観
博多どんたく,40,40130,年中行事
博多祇園山笠,40,40100,年中行事
小倉祇園太鼓,40,40100,年中行事
戸畑祇園大山笠,40,40230,年中行事
芥屋大門,40,40207,岩石・洞窟
柳川の水路,40,40602,地域景観
英彦山神社,40,40221,社寺
太宰府天満宮,40,40130,社寺
筥崎宮,40,40220,社寺
宗像神社,40,40130,社寺
香椎宮,35,35201,社寺
住吉神社,40,40221,社寺
観世音寺,40,40203,社寺
高良大社,40,40130,社寺
聖福寺,40,40130,社寺
福岡城跡,40,40230,城跡・城郭
怡土城跡,40,40130,城跡・城郭
大濠公園,40,40602,庭園・公園
旧亀石坊庭園,40,40131,庭園・公園
海の中道海浜公園,40,40207,庭園・公園
立花氏邸,40,40228,庭園・公園
秋月城下町,39,39209,歴史景観
竜串・見残し,39,39212,岩石・洞窟
龍河洞,39,39209,岩石・洞窟
白山洞門,39,39203,岩石・洞窟
伊尾木洞窟,39,39201,岩石・洞窟
土佐湾のクジラ,39,39206,動物
土佐藩砲台跡,39,39201,史跡
よさこい祭り,39,39424,年中行事
大堂海岸,39,39210,海岸
四万十川,39,39206,河川
浦ノ内湾,39,39201,海岸
桂浜,39,39428,海岸
入野松原,39,39209,海岸
足摺岬,39,39202,岬
室戸岬,39,39209,岬
叶崎,39,39204,岬
国分寺,39,39201,社寺
土佐神社,39,39206,社寺
鳴無神社,39,39202,社寺
金剛頂寺,39,39202,社寺
最御崎寺,39,39410,社寺
小村神社,39,39344,社寺
豊楽寺,39,39201,社寺
高知城,39,39201,城跡・城郭
竹林寺庭園,38,38386,社寺、庭園・公園
石鎚山,38,38422,山岳
大野ヶ原,38,38386,高原
八釜の甌穴群,39,39411,岩石・洞窟
四国カルスト,38,38207,岩石・洞窟
冨士山のつつじ・桜,38,38202,植物
来島海峡の潮流,38,38203,自然現象
宇和島の段々畑,38,38506,地域景観
外泊の石垣集落,38,38203,地域景観
闘牛,38,38203,年中行事
牛鬼,38,38206,年中行事
伊曽乃神社の秋祭,38,38203,年中行事
和霊神社の夏祭,38,38203,年中行事
八っ鹿踊,38,38205,年中行事
新居浜太鼓まつり,38,38206,年中行事
西条まつり,38,38422,年中行事
屋根付き橋群,38,38201,建造物
道後温泉本館,38,38201,建造物
子規記念博物館,38,38205,博物館・美術館
別子銅山諸施設,38,38206,建造物
高瀑渓,38,38484,峡谷
滑床渓谷,38,38386,峡谷
面河渓,38,38202,峡谷
大山祇神社,38,38203,社寺
和霊神社,28,28100,社寺
太山寺,38,38201,社寺
伊佐爾波神社,38,38206,社寺
興隆寺,38,38356,社寺
祥雲寺,38,38207,社寺
出石寺,38,38201,社寺
伊予豆比古命神社,38,38206,社寺
伊曽乃神社,38,38206,社寺
石鎚神社,38,38206,社寺
保国寺,38,38207,社寺
如法寺,38,38214,社寺
龍澤寺,38,38386,社寺
岩屋寺,38,38201,社寺
松山城,38,38203,城跡・城郭
宇和島城,38,38202,城跡・城郭
今治城,38,38203,城跡・城郭
南楽園,38,38203,庭園・公園
天赦園,38,38422,庭園・公園
内子の町並み（八日市）,38,38201,歴史景観
石手寺,38,38207,社寺
肱川,38,38442,河川
佐田岬,38,38202,岬
大三島,37,37208,島
紫雲出山の桜,37,37324,植物
寒霞渓の紅葉,37,37202,植物
塩飽勤番所跡,37,37201,史跡
屋島,37,37403,史跡
琴平門前町,37,37403,地域景観
金刀比羅宮大祭,37,37208,年中行事
津島神社の祭り,37,37386,年中行事
瀬戸大橋,37,37403,建造物
金刀比羅宮,37,37201,社寺
屋島寺,37,37208,社寺
弥谷寺,37,37204,社寺
善通寺,37,37208,社寺
本山寺,37,37206,社寺
大窪寺,37,37202,社寺
丸亀城,37,37201,城跡・城郭
高松城,37,37201,城跡・城郭
栗林公園,37,37201,庭園・公園
男木島の町並み,37,37322,歴史景観
余島海岸,37,37324,海岸
双子浦,37,37324,海岸
小豆島,37,37404,島
塩飽七島,29,29443,島
吉野川,36,36368,河川
剣山,36,36206,山岳
阿波の土桂,36,36201,岩石・洞窟
阿波踊,36,36202,年中行事
大鳴門橋,36,36387,建造物
大浜海岸のアカウミガメ,36,36202,動物
鳴門の渦潮,36,36208,自然現象
箸蔵寺,36,36201,社寺
徳島城表御殿庭園,36,36207,庭園・公園
卯だつの町並み,36,36208,歴史景観
大歩危小歩危,36,36208,峡谷
祖谷渓,36,36204,峡谷
椿泊漁村景観,35,35204,歴史景観
須佐湾,35,35210,海岸
室積半島,35,35341,海岸
祝島,35,35204,島
見島,35,35211,島
青海島,35,35203,島
滑国有林,35,35203,植物
長者ヶ原,35,35213,高原
秋芳洞・秋吉台,35,35213,岩石・洞窟
大正洞,35,35213,岩石・洞窟
景清穴,35,35203,岩石・洞窟
山口のゲンジボタル発生地,35,35206,動物
周防国衙跡,35,35206,史跡
御神幸祭裸坊祭（防府天満宮）,35,35201,年中行事
先帝祭（赤間神宮）,35,35208,年中行事
錦帯橋,35,35208,建造物
寂地峡,35,35201,峡谷
石柱渓,35,35201,峡谷
赤間神宮,35,35203,社寺
洞春寺,35,35204,社寺
長門峡,35,35204,峡谷
東光寺,35,35201,社寺
住吉神社,35,35206,社寺
防府天満宮,35,35204,社寺
萩城跡,35,35208,城跡・城郭
岩国城,35,35202,城跡・城郭
常磐公園,35,35202,庭園・公園
宗隣寺庭園,35,35203,庭園・公園
常栄寺庭園,35,35206,庭園・公園
毛利邸庭園,35,35204,庭園・公園
萩の武家屋敷,35,35201,歴史景観
長府の侍屋敷,34,34369,歴史景観
三段峡,34,34213,峡谷
厳島神社,34,34205,社寺
西国寺,28,28218,社寺
浄土寺,34,34207,社寺
明王院,34,34205,社寺
耕三寺,34,34213,社寺
千畳閣,34,34207,社寺
福山城,34,34545,城跡・城郭
帝釈峡,34,34100,峡谷
縮景園,34,34207,庭園・公園
鞆町並み,34,34203,歴史景観
竹原町並み,34,34210,歴史景観
比婆山連峰,34,34210,山岳
道後山,34,34369,山岳
三段の滝,34,34210,滝
比婆山のブナ純林,34,34213,植物
弥山原始林,34,34205,植物
尾道山手地区の町並み,34,34213,地域景観
宮島の管絃祭,34,34100,年中行事
原爆ド―ム,38,38202,建造物
しまなみ海道諸橋,34,34100,建造物
広島平和記念資料館,34,34209,博物館・美術館
江の川,34,34202,河川
音戸の瀬戸,34,34207,海岸
鞆ノ浦,34,34213,海岸
宮島,34,34215,島
江田島,34,34205,島
生口島,34,34207,島
仙酔島,33,33209,島
磐窟峡,33,33100,峡谷
吉備津神社,33,33100,社寺
高松最上稲荷,12,12223,社寺
誕生寺,07,07208,社寺
熊野神社,33,33203,社寺
中山神社,33,33100,社寺
岡山城,33,33209,城跡・城郭
備中松山城,33,33203,城跡・城郭
津山城跡,33,33100,城跡・城郭
後楽園,26,26103,庭園・公園
円通寺庭園,33,33203,庭園・公園
衆楽園,33,33209,庭園・公園
頼久寺庭園,33,33100,庭園・公園
曹源寺庭園,33,33202,庭園・公園
倉敷美観地区,33,33100,歴史景観
吉備津の門前町,33,33209,歴史景観
吹屋町並み,33,33209,歴史景観
高梁町並み,33,33203,歴史景観
津山市上ノ町町並み,33,33214,歴史景観
蒜山,33,33214,山岳
蒜山高原,33,33214,高原
神庭の滝,33,33210,滝
羅生門,33,33210,岩石・洞窟
満奇洞,33,33202,岩石・洞窟
象岩,33,33208,岩石・洞窟
吉備風土記の丘,33,33100,史跡
西大寺会陽,33,33209,年中行事
備中神楽,33,33214,年中行事
大宮踊,33,33681,年中行事
加茂の大祭,33,33100,年中行事
いなりの初午（岡山高松稲荷）,33,33202,年中行事
大原美術館,33,33211,博物館・美術館
閑谷学校跡,33,33207,建造物
岩窟峡の浪形石灰岩,33,33210,岩石・洞窟
阿哲台,33,33210,岩石・洞窟
高梁川,38,None,河川
瀬戸内海,33,33211,海岸
日生諸島,33,33205,島
白石島,32,32386,島
三瓶高原,32,32203,高原
出雲大社宝物殿,32,32206,博物館・美術館
足立美術館,32,32304,博物館・美術館
ホ―ランエンヤ（東出雲神社）,32,32401,年中行事
出雲平野の築地松,32,32386,地域景観
三瓶山,32,32201,山岳
多古七ッ穴,32,32201,岩石・洞窟
加賀ノ潜戸,32,32204,岩石・洞窟
唐音の蛇岩,32,32527,岩石・洞窟
知夫赤壁,32,32528,岩石・洞窟
屏風岩,32,32528,岩石・洞窟
ろうそく岩,32,32201,岩石・洞窟
築島の岩脈,32,32528,岩石・洞窟
玉若酢命神社の八百杉,32,32201,植物
松江城山の桜,32,32203,植物
出雲大社大祭礼,32,32449,年中行事
断魚渓,32,32449,峡谷
千畳渓,32,32203,峡谷
立久恵峡,32,32206,峡谷
雲樹寺,32,32205,社寺
物部神社,32,32201,社寺
八重垣神社,32,32204,社寺
裏匹見峡,26,26105,峡谷
清水寺,32,32203,社寺
日御碕神社,32,32528,社寺
玉若酢命神社,32,32203,社寺
鰐淵寺,32,32201,社寺
月照寺,32,32201,社寺
熊野大社,32,32201,社寺
美保神社,32,32201,社寺
松江城跡,32,32501,城跡・城郭
津和野城跡,32,32204,城跡・城郭
万福寺庭園,32,32206,庭園・公園
足立美術庭園,32,32204,庭園・公園
医光寺庭園,32,32501,庭園・公園
津和野町並,32,32205,歴史景観
大森銀山町並み,32,32203,歴史景観
一畑薬師寺,32,32203,社寺
出雲大社,32,32201,社寺
神魂神社,32,32401,社寺
宍道湖,32,32526,湖沼
国賀海岸,32,32528,海岸
白島海岸,32,32203,海岸
日御碕海岸,32,32202,海岸
石見畳ガ浦,32,32528,海岸
浄土ガ浦海岸,32,32201,海岸
美保ノ北浦,32,32528,海岸
千畳敷海岸,32,32201,海岸
美保関地蔵崎,32,32201,岬
潜戸鼻,32,32203,岬
日御碕,32,32528,岬
隠岐諸島,10,10443,島
中ノ原,14,14402,高原
大山,31,31329,山岳
扇ノ山,31,31325,山岳
氷ノ山,31,31403,山岳
鏡ガ成,31,31402,高原
鵜ノ池高原,31,31390,高原
桝水原,33,33604,高原
高清水高原,31,31371,高原
大山滝,32,32343,滝
船通山大イチイ,31,31302,植物
唐川カキツバタ,31,31386,植物
大山キャラボク林,31,31201,植物
ハマナスの自生南限地帯,31,31201,植物
岡益石堂,31,31202,史跡
福市遺跡,31,31390,史跡
大寺廃寺,31,31371,史跡
斎尾廃寺跡,31,31201,史跡
しゃんしゃん祭り,31,31302,年中行事
浦富海岸,31,31201,海岸
鳥取砂丘,31,31204,海岸
弓ガ浜,31,31201,海岸
夏泊海岸,31,31201,海岸
白兎海岸,31,31201,海岸
長尾鼻,31,31364,岬
三仏寺,31,31386,社寺
大山寺,31,31370,社寺
倭文神社,31,31372,社寺
観音寺,31,31386,社寺
阿弥陀堂,31,31201,社寺
鳥取城跡,31,31202,城跡・城郭
米子城跡,31,31201,城跡・城郭
観音院庭園,30,30207,庭園・公園
瀞峡,30,30206,峡谷
奇絶峡,30,30424,峡谷
古座峡,30,30344,峡谷
高野山,30,30421,社寺
熊野那智大社,30,30421,社寺
青岸渡寺,30,30392,社寺
道成寺,30,30201,社寺
国懸神宮,30,30201,社寺
日前神宮,30,30206,社寺
熊野本宮大社,30,30207,社寺
熊野速玉大社,30,30201,社寺
紀三井寺,30,30209,社寺
根来寺,30,30201,社寺
和歌山城跡,30,30208,城跡・城郭
粉河寺庭園,30,30344,社寺、庭園・公園
天徳院庭園,30,30201,庭園・公園
養翠園,30,30344,庭園・公園
高野山集落,30,30202,歴史景観
黒江町並み,30,30366,歴史景観
生石高原,30,30421,高原
那智滝,30,30401,滝
三段壁,30,30406,岩石・洞窟
江須崎の暖地性植物群落,30,30421,植物
那智原始林,30,30207,植物
新宮藺沢浮島植物群落,30,30428,植物
橋杭岩,30,30391,岩石・洞窟
南部梅林,30,30344,植物
奥の院大杉林,30,30201,植物
岩橋千塚古墳群（紀伊風土記の丘）,30,30208,史跡
紀伊国分寺跡,30,30362,史跡
広村堤防,30,30421,史跡
那智火祭,30,30344,年中行事
青葉祭,30,30421,年中行事
那智参道杉並木,30,30343,植物
紀の川,30,30383,河川
白崎海岸,30,30421,海岸
勝浦,04,04202,海岸
千畳敷,30,30201,岩石・洞窟
和歌ノ浦,30,30401,海岸
白良浜海岸,30,30428,海岸
潮岬,30,30428,岬
樫野崎,30,30382,岬
日ノ岬,30,30406,岬
江須崎,30,30421,岬
紀ノ松島,30,30201,島
友が島,30,30428,島
大島,29,29385,島
倶留尊高原,29,29452,高原
大蛇嵓,29,29201,岩石・洞窟
奈良のシカ,29,29441,動物
吉野山のサクラ,29,29344,植物
竜田公園の紅葉,29,29201,植物
春日山原始林,29,29201,植物
月ヶ瀬梅林,29,29206,植物
長谷寺のボタン,29,29207,植物
賀名生の梅林,29,29205,植物
藤原宮跡,29,29201,史跡
平城宮跡,29,29402,史跡
キトラ古墳,29,29363,史跡
唐古・鍵古墳,29,29344,史跡
藤ノ木古墳,29,29441,史跡
吉野山史跡,29,29402,史跡
高松塚古墳,29,29206,史跡
花山塚古墳,29,29205,史跡
本薬師寺跡,29,29206,史跡
山田寺跡,29,29402,史跡
石舞台古墳,29,29426,史跡
巣山古墳,29,29206,史跡
文殊院西古墳,29,29402,史跡
大官大寺跡,29,29402,史跡
飛鳥寺跡,29,29402,史跡
川原寺跡,29,29201,史跡
元興寺極楽坊境内,29,29344,史跡
三井瓦窯跡,29,29212,史跡
松山西口関門,29,29212,史跡
森野旧薬園,29,29201,史跡
頭塔史跡,29,29201,史跡
地獄谷石窟仏,29,29201,史跡
北山十八間戸,29,29426,史跡
牧野古墳,29,29344,史跡
三井（井戸）,29,29201,史跡
日葉酸媛命（狭木之寺間陵）,29,29402,史跡
酒船石遺跡,29,29209,史跡
行基墓,29,29201,史跡
東大寺二月堂修二会（お水取り）,29,29201,年中行事
春日若宮おん祭り,29,29201,年中行事
若草山焼き,29,29207,年中行事
十津川大吊橋,29,29201,建造物
奈良国立博物館,29,29344,博物館・美術館
法隆寺大宝蔵殿,29,29443,博物館・美術館
吉野川,29,29201,河川
東大寺,29,29209,社寺
宝山寺,29,29441,社寺
吉野水分神社,29,29201,社寺
元興寺,29,29201,社寺
円成寺,29,29201,社寺
般若寺,29,29201,社寺
不退寺,29,29344,社寺
法輪寺,29,29204,社寺
長岳寺,29,29206,社寺
大神神社,29,29206,社寺
長谷寺,29,29201,社寺
法華寺,29,29344,社寺
吉田寺,29,29206,社寺
談山神社,29,29206,社寺
聖林寺,29,29342,社寺
朝護孫子寺,29,29401,社寺
南法華寺,29,29201,社寺
興福院,29,29201,社寺
十輪院,29,29344,社寺
中宮寺,29,29201,社寺
正暦寺,29,29201,社寺
帯解寺,29,29206,社寺
安倍文殊院,29,29201,社寺
大安寺,29,29201,社寺
白豪寺,29,29201,社寺
円照寺,29,29203,社寺
金剛山寺,29,29402,社寺
安居院,29,29402,社寺
橘寺,29,29205,社寺
久米寺,29,29201,社寺
西大寺,29,29211,社寺
当麻寺中之坊庭園,29,29441,社寺、庭園・公園
竹林院庭園,29,29201,庭園・公園
旧大乗院庭園,29,29203,庭園・公園
慈光院庭園,29,29201,社寺、庭園・公園
依水園,29,29205,庭園・公園
今井町の街並み,29,29402,歴史景観
明日香村,29,29344,歴史景観
法隆寺,29,29212,社寺
室生寺,29,29201,社寺
春日大社,29,29201,社寺
興福寺,29,29201,社寺
薬師寺,29,29201,社寺
唐招堤寺,29,29402,社寺
岡寺,29,29204,社寺
石上神宮,29,29344,社寺
法起寺,29,29209,社寺
長弓寺,29,29201,社寺
新薬師寺,29,29201,社寺
秋篠寺,29,29212,社寺
宇太水分神社,29,29441,社寺
金峰山寺,29,29453,社寺
丹生川上神社,29,29203,社寺
松尾寺,29,29402,社寺
飛鳥坐神社,29,29205,社寺
橿原神宮,29,29203,社寺
大和郡山町並み,28,28585,歴史景観
香住海岸,28,28224,海岸
慶野松原,28,28229,海岸
室津海岸,28,28586,海岸
但馬御火浦,28,28226,海岸
淡路島,28,28201,島
家島諸島,28,28206,島
六甲山,28,28222,山岳
天滝,28,28204,滝
蓬来峡,28,28226,岩石・洞窟
野島断層,28,28585,岩石・洞窟
香住鎧の袖,28,28223,岩石・洞窟
鐘が坂公園の桜,28,28224,植物
淡路島の水仙,28,28223,植物
高源寺のモミジ,28,28225,植物
立雲峡のサクラ,28,28212,植物
生島の樹林,28,28100,植物
楠木正成墓碑,28,28209,史跡
城崎温泉街,28,28100,地域景観
神戸ﾊｰﾊﾞｰﾗﾝﾄﾞ,28,28201,地域景観
妻鹿けんか祭り,28,28226,年中行事
明石海峡大橋,28,28100,建造物
メリケンパーク,28,28585,建造物
余部の鉄橋,31,31325,建造物
畑が平高原,28,28220,高原
一乗寺,28,28100,社寺
太山寺,28,28201,社寺
書写山円教寺,28,28209,社寺
温泉寺,28,28217,社寺
多田神社,28,28218,社寺
浄土寺,28,28210,社寺
鶴林寺,28,28201,社寺
姫路城,28,28203,城跡・城郭
明石城跡,28,28225,城跡・城郭
竹田城跡,28,28100,城跡・城郭
神戸北野異人館群,28,28209,歴史景観
出石町並み,28,28225,歴史景観
生野渓谷,27,27100,峡谷
四天王寺,27,27100,社寺
住吉大社,27,27220,社寺
勝尾寺,27,27100,社寺
天満宮,27,27226,社寺
道明寺天満宮,27,27219,社寺
施福寺,27,27140,社寺
開口神社,27,27100,社寺
大念仏寺,27,27222,社寺
誉田八幡宮,27,27216,社寺
天野山金剛寺,27,27226,社寺
葛井寺,27,27208,社寺
孝恩寺,27,27216,社寺
観心寺,27,27213,社寺
慈眼院,27,27140,社寺
桜井神社,27,27100,社寺
勝鬘院,27,27100,社寺
杭全神社,27,27301,社寺
水無瀬神宮,27,27140,社寺
南宗寺庭園,27,27361,社寺、庭園・公園
来迎寺,27,27220,社寺
滝安寺,27,27227,社寺
枚岡神社,27,27140,社寺
家原寺,27,27140,社寺
大鳥神社,27,27208,社寺
水間寺,27,27202,社寺
久米田寺,27,27100,社寺
大阪城,27,27202,城跡・城郭
岸和田城,27,27227,城跡・城郭
鴻池新田会所庭園,27,27100,庭園・公園
中之島公園,27,27205,庭園・公園
万博記念公園,27,27100,庭園・公園
慶沢園,27,27207,庭園・公園
普門寺庭園,30,30341,庭園・公園
紀泉高原,27,27322,高原
野間の大ケヤキ,27,27140,植物
仁徳天皇陵,27,27226,史跡
応神天皇陵,27,27140,史跡
いたすけ古墳,27,27202,史跡
摩湯山古墳,27,27100,史跡
難波宮跡,27,27210,史跡
百済寺跡,27,27100,史跡
天神祭,27,27100,年中行事
住吉神社の御田植祭,27,27100,年中行事
四天王寺聖霊会,27,27362,年中行事
関西国際空港,27,27202,建造物
岸和田地車（だんじり）祭,27,27205,年中行事
国立民族学博物館,26,26206,博物館・美術館
保津川,26,26344,河川
宇治川,26,26205,河川
天橋立,26,26212,海岸
間人の海岸,26,26105,海岸
八坂神社,26,26107,社寺
教王護国寺（東寺）,26,26106,社寺
本願寺（東）,26,26105,社寺
蓮華王院,26,26103,社寺
鞍馬寺,26,26105,社寺
清水寺,26,26204,社寺
万福寺,26,26105,社寺
知恩院,26,26105,社寺
智積院,26,26109,社寺
醍醐寺,26,26109,社寺
伏見稲荷神社,26,26210,社寺
石清水八幡宮,26,26214,社寺
蟹満寺,26,26105,社寺
建仁寺,26,26108,社寺
大覚寺,26,26105,社寺
泉涌寺,26,26103,社寺
禅林寺,26,26101,社寺
光悦寺,26,26103,社寺
寂光院,26,26103,社寺
来迎院,26,26101,社寺
賀茂別雷神社,26,26102,社寺
北野天満宮,26,26108,社寺
化野念仏寺,26,26108,社寺
高山寺,26,26108,社寺
広隆寺,26,26108,社寺
神護寺,26,26103,社寺
賀茂御祖神社,26,26103,社寺
蓮華寺,26,26104,社寺
二条城,26,26109,城跡・城郭
伏見城,26,26103,城跡・城郭
修学院離宮庭園,26,26108,庭園・公園
桂離宮庭園,26,26103,庭園・公園
慈照寺（銀閣寺）庭園,26,26102,社寺、庭園・公園
仙洞御所　,26,26103,庭園・公園
円通寺庭園,26,26211,庭園・公園
酬恩庵（一休寺）庭園,26,26109,庭園・公園
三宝院庭園,26,26106,社寺、庭園・公園
本願寺（西本願寺）滴翠園,26,26106,社寺、庭園・公園
渉成園,26,26104,庭園・公園
二条城二之丸庭園,26,26108,庭園・公園
龍安寺方丈庭園,26,26101,社寺、庭園・公園
真珠庵庭園,26,26101,庭園・公園
狐篷庵庭園,26,26108,庭園・公園
霊雲院庭園,26,26101,庭園・公園
聚光院庭園,26,26101,庭園・公園
大仙院庭園,26,26101,庭園・公園
鹿苑寺（金閣寺）庭園,26,26108,社寺、庭園・公園
西芳寺（苔寺）庭園,26,26108,社寺、庭園・公園
天滝寺庭園,26,26108,庭園・公園
退蔵院庭園,26,26101,庭園・公園
大徳寺方丈庭園,26,26102,社寺、庭園・公園
不審庵庭園,26,26105,庭園・公園
芬陀院庭園,26,26105,庭園・公園
勧修寺の庭園,26,26102,社寺、庭園・公園
京都御所庭園,26,26102,庭園・公園
本法寺庭園,26,26105,庭園・公園
両足院庭園,26,26105,庭園・公園
高台寺庭園,26,26105,社寺、庭園・公園
青蓮院庭園,26,26214,社寺、庭園・公園
浄瑠璃寺庭園,26,26105,社寺、庭園・公園
東福寺開山堂庭園,26,26303,社寺、庭園・公園
妙喜庵の路地,26,26204,庭園・公園
平等院庭園,26,26108,社寺、庭園・公園
玉鳳院庭園,26,26101,庭園・公園
正伝寺庭園,26,26108,庭園・公園
東海庵書院庭園,26,26103,庭園・公園
三千院庭園,26,26102,社寺、庭園・公園
今日庵庭園,26,26103,庭園・公園
南禅寺方丈庭園,26,26103,社寺、庭園・公園
金地院庭園,26,26103,庭園・公園
曼殊院書院庭園,26,26103,社寺、庭園・公園
詩仙堂庭園,26,26101,社寺、庭園・公園
高桐院庭園,26,26101,庭園・公園
瑞峯院庭園,26,26101,庭園・公園
竜源院の竜吟庭,26,26108,庭園・公園
厭離庵庭園,26,26108,庭園・公園
大沢池,26,26108,庭園・公園
仁和寺御殿庭園,26,26108,社寺、庭園・公園
法金剛院庭園,26,26108,庭園・公園
妙心寺庭園,26,26108,社寺、庭園・公園
桂春院庭園,26,26103,庭園・公園
平安神宮庭園,26,26213,社寺、庭園・公園
美山町北山村集落,26,26101,歴史景観
上賀茂町並み,26,26100,歴史景観
産寧坂門前町,26,26100,歴史景観
祇園新橋茶屋町,26,26100,歴史景観
嵯峨鳥居本門前町,26,26100,歴史景観
伏見酒蔵,26,26108,歴史景観
嵯峨野,26,26104,歴史景観
寺院町景観,26,26108,歴史景観
天竜寺,26,26105,社寺
成就院庭園,26,26108,庭園・公園
御室の桜,26,26108,植物
北山杉,26,26104,植物
二条陣屋,26,26106,史跡
角屋,26,26463,史跡
伊根の舟屋群,26,26105,地域景観
祇園祭,26,26103,年中行事
時代祭,26,26103,年中行事
葵祭,26,26108,年中行事
嵐山のもみじ祭,26,26103,年中行事
竹伐り会式（鞍馬寺）,26,26103,年中行事
鞍馬の火祭,26,26103,年中行事
花背松上げ,26,26108,年中行事
牛祭（広隆寺内大酒神社）,26,26205,年中行事
宮津灯篭流し,26,26105,年中行事
大文字五山送り火,26,26108,年中行事
三船祭（車折神社）,26,26101,年中行事
やすらい祭（今宮神社）,26,26105,年中行事
おけら詣り（八坂神社）,26,26103,年中行事
修学院離宮,26,26108,建造物
桂離宮,26,26102,建造物
京都御所,26,26105,建造物
京都国立博物館,26,26103,博物館・美術館
京都国立近代美術館,25,25214,博物館・美術館
伊吹山,25,25213,山岳
永源寺の紅葉,25,25383,植物
鎌掛谷の石楠花,25,25209,植物
紫香楽宮址,25,25201,史跡
大津祭,25,25214,年中行事
醒ヶ井の桜,25,25201,植物
山王祭（坂本日吉神社）,25,25203,年中行事
長浜曵山祭,25,25204,年中行事
近江八幡左義長,25,25443,年中行事
河内の風穴,25,25202,岩石・洞窟
彦根城の桜,25,25201,植物
比叡の樹林,25,25201,植物
日吉大社の紅葉,25,25212,植物
海津大崎の桜,25,25201,植物
石山寺のツツジ,25,25201,植物
雄松崎（近江舞子）,25,25203,海岸
余呉湖,25,25207,湖沼
琵琶湖,25,25201,湖沼
延暦寺,25,25201,社寺
園城寺,25,25201,社寺
瀬田川渓谷,25,25201,峡谷
日吉大社,25,25204,社寺
長命寺,25,25213,社寺
石塔寺,25,25203,社寺
向源寺,25,25203,社寺
宝厳寺,25,25203,社寺
都久夫須麻神社,25,25443,社寺
多賀大社,09,09342,社寺
西明寺,25,25425,社寺
金剛輪寺,25,25213,社寺
石馬寺,25,25203,社寺
大通寺,25,25384,社寺
苗村神社,25,25201,社寺
満月寺（浮御堂）,25,25204,社寺
日牟礼八幡神社,25,25201,社寺
西教寺,25,25213,社寺
永源寺,25,25201,社寺
石山寺,25,25204,社寺
観音正寺,25,25206,社寺
芦浦観音寺,25,25210,社寺
兵主神社,25,25210,社寺
御上神社,25,25211,社寺
常楽寺,25,25211,社寺
善水寺,25,25209,社寺
油日神社,25,25201,社寺
近江神宮,25,25202,社寺
彦根城,25,25213,城跡・城郭
安土城跡,25,25204,城跡・城郭
観音寺城跡,22,22135,城跡・城郭
龍潭寺庭園,25,25202,庭園・公園
玄宮楽楽園庭園,25,25214,庭園・公園
福田寺庭園,25,25201,庭園・公園
居初邸庭園,25,25209,庭園・公園
大池寺庭園,25,25204,庭園・公園
近江八幡土蔵商家群,25,25201,歴史景観
坂本門前町,25,25202,歴史景観
彦根町並み,24,24215,歴史景観
英虞湾,24,24209,海岸
賀田湾,24,24212,海岸
熊野灘海蝕海岸,24,24472,海岸
五ヶ所湾,24,24211,海岸
鳥羽湾,24,24543,海岸
紀伊長島海岸,24,24215,海岸
大王崎,24,24203,岬
皇大神宮（伊勢神宮内宮）,24,24443,社寺
大杉谷,30,30427,峡谷
北山峡,24,24208,峡谷
赤目渓谷（香落渓）,30,30427,峡谷
奥瀞,24,24203,峡谷
豊受大神宮（伊勢神宮外宮）,24,24471,社寺
滝原宮,24,24201,社寺
高田本山専修寺,24,24203,社寺
金剛証寺,24,24205,社寺
多度大社,24,24216,社寺
伊賀上野城址,29,29452,城跡・城郭
大台ヶ原山,25,25213,山岳
御在所岳,24,24201,山岳
倶留尊山,24,24443,山岳
大杉谷諸瀑,24,24208,滝
赤目四十八滝,24,24204,滝
蓮峡諸瀑（奥香肌峡）,24,24212,滝
鬼ヶ城,24,24203,岩石・洞窟
伊勢神宮の杉木立,24,24443,植物
大杉谷の原生林,24,24204,植物
本居宣長旧宅,24,24216,史跡
蓑虫庵,24,24203,史跡
式年遷宮,24,24203,年中行事
伊勢神宮の初詣,24,24215,年中行事
伊雑宮御田植祭,24,24203,年中行事
おかげ横丁,23,23231,建造物
恋路ヶ浜,23,23231,海岸
伊良湖岬,23,23100,岬
名古屋城,23,23221,城跡・城郭
馬ノ背岩,23,23231,岩石・洞窟
日出の石門,23,23446,岩石・洞窟
鵜の山鵜繁殖池,23,23211,動物
香嵐渓の紅葉,23,23207,植物
御油の松並木,23,23214,植物
八百富神社社叢,23,23201,植物
瓜郷遺跡,23,23202,史跡
北野廃寺跡,23,23100,史跡
熱田神宮,23,23221,社寺
鳳来寺,09,09206,社寺
東照宮,23,23207,社寺
豊川稲荷,23,23100,社寺
宝生院,23,23203,社寺
真清田神社,23,23446,社寺
大御堂寺,23,23204,社寺
定光寺,23,23208,社寺
津島神社,23,23202,社寺
滝山東照宮,23,23202,社寺
滝山寺,23,23202,社寺
伊賀八幡宮,23,23237,社寺
甚目寺,23,23202,社寺
大樹寺,23,23220,社寺
尾張大国霊神社,23,23215,社寺
犬山城,23,23202,城跡・城郭
岡崎城,23,23100,城跡・城郭
名古屋城二ノ丸公園,23,23208,庭園・公園
津島祭り,23,23100,年中行事
名古屋祭り,23,23220,年中行事
大国神社の裸まつり（国府宮裸祭り）,23,23481,年中行事
大提灯祭り（諏訪神社）,23,23215,年中行事
明治村,23,23100,建造物
徳川美術館,22,22221,博物館・美術館
浜名湖,22,22222,湖沼
狩野川,22,22209,河川
大井川,20,20411,河川
天竜川,22,22304,河川
伊豆南海岸,22,22223,海岸
浜岡砂丘,22,22130,海岸
中田島砂丘,22,22306,海岸
堂ヶ島海岸,22,22103,海岸
三保の松原,22,22208,海岸
城ヶ崎海岸,22,22223,海岸
御前崎,22,22306,岬
黄金崎,22,22304,岬
石廊崎,22,22219,岬
爪木崎,22,22135,岬
方広寺,22,22222,社寺
修禅寺,22,22137,社寺
秋葉神社,22,22216,社寺
可睡斎,22,22206,社寺
三島大社,22,22207,社寺
大石寺,22,22216,社寺
尊永寺,22,22207,社寺
富士宮浅間神社,22,22216,社寺
油山寺,22,22100,社寺
久能山東照宮,22,22100,社寺
静岡浅間神社,22,22135,社寺
龍潭寺庭園,22,22429,庭園・公園
寸又峡,22,22209,峡谷
智満寺,22,22344,社寺
富士山,22,22301,山岳
天城山,22,22100,山岳
荒川岳,22,22207,山岳
朝霧高原,22,22208,高原
伊豆高原,22,22207,高原
白糸の滝,22,22302,滝
河津ノ七滝,22,22215,滝
印野の溶岩遂道,22,22207,岩石・洞窟
万野風穴,22,22215,岩石・洞窟
駒門風穴,22,22304,岩石・洞窟
手石の弥陀の岩屋,22,22207,岩石・洞窟
狩宿下馬ザクラ,22,22302,植物
峰温泉の噴湯,22,22225,自然現象
韮山反射炉,22,22100,史跡
登呂遺跡,22,22130,史跡
浜松凧あげ,22,22205,年中行事
ＭＯＡ美術館,22,22215,博物館・美術館
富士高原,21,21206,高原
付知峡,21,21206,峡谷
恵那峡,21,21505,峡谷
蘇水峡,21,21504,峡谷
飛水峡,21,21401,峡谷
華厳寺,21,21401,社寺
横蔵寺,21,21219,社寺
八幡城,21,21201,城跡・城郭
岐阜城,21,21204,城跡・城郭
永保寺庭園,21,21203,社寺、庭園・公園
照蓮寺庭園,21,21203,庭園・公園
高山の街並み,21,21604,歴史景観
白川郷合掌造り集落,21,21217,歴史景観
古川町屋と土蔵群,21,21361,歴史景観
南宮大社,21,21220,社寺
中山七里,21,21203,峡谷
安国寺,21,21401,社寺
揖斐川,21,21219,河川
長良川,21,21203,河川
笠ｹ岳,21,21206,山岳
恵那山,21,21604,山岳
三方岩獄,21,21203,山岳
子ノ原高原,21,21217,高原
数河高原,21,21341,高原
養老ノ滝,21,21203,滝
宇津江四十八滝,21,21504,滝
飛水峡の甌穴群,21,21203,岩石・洞窟
飛騨大鍾乳洞,21,21218,岩石・洞窟
根尾谷断層,21,21218,岩石・洞窟
根尾谷の淡墨ザクラ,21,21362,植物
関ヶ原古戦場,21,21201,史跡
長良川の鵜飼,21,21203,地域景観
高山の朝市,21,21201,地域景観
金華山のシカ,21,21203,動物
高山祭,21,21219,年中行事
郡上踊,21,21217,年中行事
起太鼓,21,21203,年中行事
飛騨の里,21,21203,博物館・美術館
高山陣屋,20,20202,博物館・美術館
大正池,20,20212,湖沼
木崎湖,20,20361,湖沼
諏訪湖,20,20583,湖沼
野尻湖,20,20212,湖沼
青木湖,20,20208,湖沼
千曲川,20,20432,河川
木曽川,20,20202,河川
梓川,20,20411,河川
天竜川,21,21203,河川
穂高連峰,20,20486,山岳
乗鞍岳,20,20363,山岳
八ヶ岳,22,22100,山岳
赤石岳,20,20209,山岳
仙丈ヶ岳,21,21203,山岳
御嶽山,21,21203,山岳
焼岳,20,20485,山岳
白馬三山,20,20323,山岳
浅間山,21,21203,山岳
槍ヶ岳,22,22100,山岳
聖岳,21,21203,山岳
三ツ俣蓮華岳,20,20220,山岳
燕岳,20,20220,山岳
大天井岳,20,20220,山岳
常念岳,20,20432,山岳
木曽駒ｹ岳,20,20430,山岳
空木岳,22,22100,山岳
塩見岳,20,20212,山岳
鷲羽岳,22,22429,山岳
光岳,20,20201,山岳
戸隠山,20,20583,山岳
黒姫山,20,20324,山岳
蓼科山,20,20602,山岳
鳥甲山,20,20207,山岳
四阿山,20,20430,山岳
南駒が岳,20,20212,山岳
野口五郎岳,20,20212,山岳
針ノ木岳,20,20212,山岳
鳥帽子岳,20,20212,山岳
爺ケ岳,20,20212,山岳
鹿島槍ｹ岳,20,20485,山岳
唐松岳,20,20361,山岳
霧ヶ峰高原,20,20561,高原
志賀高原,20,20214,高原
蓼科高原,20,20202,高原
乗鞍高原,20,20350,高原
美ヶ原高原,20,20203,高原
菅平高原,20,20305,高原
野辺山高原,20,20323,高原
浅間高原,20,20201,高原
戸隠高原,20,20486,高原
親の原高原,20,20486,高原
栂池高原,20,20583,高原
黒姫高原,20,20321,高原
軽井沢,20,20361,高原
霧ヶ峰のニッコウキスゲ,20,20361,植物
霧ヶ峰湿原植物群落,20,20209,植物
高遠のサクラ,20,20361,植物
諏訪湖の間欠泉,20,20361,自然現象
諏訪湖の御神渡,20,20203,自然現象
信濃国分寺跡,20,20214,史跡
尖石石器時代遺跡,20,20361,史跡
御柱祭,20,20202,年中行事
旧開智学校(松本市立機関重要文化財),20,20541,建造物
小布施の建物群,20,20423,建造物
読書発電所諸施設,20,20220,建造物
碌山美術館,20,20423,博物館・美術館
田立ノ滝,20,20432,滝
開田高原,20,20212,高原
五龍岳,20,20486,山岳
白馬連山高山植物帯,20,20563,植物
野沢温泉街,20,20218,地域景観
更埴のあんず,19,19201,地域景観
善光寺,20,20349,社寺
大法寺,20,20210,社寺
光前寺,20,20203,社寺
安楽寺,20,20202,社寺
松本城,20,20208,城跡・城郭
小諸城跡,20,20205,城跡・城郭
天竜峡,20,20422,峡谷
木曽川の谷,20,20212,峡谷
高瀬渓谷,20,20423,峡谷
妻籠宿,20,20361,歴史景観
諏訪大社,20,20201,社寺
戸隠神社,20,20202,社寺
梓川上流,20,20209,峡谷
甲斐駒ヶ岳,22,22100,山岳
白峰三山,19,19213,山岳
大菩薩嶺,20,20362,山岳
鋸山,19,19209,山岳
瑞牆山,19,19209,山岳
鳳凰三山,20,20304,山岳
国師岳,20,20304,山岳
金峯山,19,19209,山岳
清里高原,19,19205,高原
西沢渓谷の滝群,19,19208,滝
鳳凰三山地蔵岳の岩柱,19,19429,岩石・洞窟
鳴沢氷穴,19,19443,岩石・洞窟
青岩鍾乳洞,19,19430,岩石・洞窟
富岳風穴,19,19429,岩石・洞窟
鳴沢熔岩樹型,19,19430,岩石・洞窟
富士原始林（青木ヶ原）,19,19202,植物
ツツジヶ原のレンゲツツジ,19,19201,植物
武田氏館跡,19,19201,史跡
信玄公祭り,19,19202,年中行事
富士吉田火祭り,19,19201,年中行事
山梨県立美術館,19,19211,博物館・美術館
甲府盆地の桃,19,19430,地域景観
河口湖,19,19430,湖沼
本栖湖,19,19430,湖沼
精進湖,19,19430,湖沼
西湖,19,19425,湖沼
山中湖,19,19368,湖沼
富士川,19,19201,河川
大泉寺,19,19213,社寺
棲雲寺,19,19201,社寺
武田神社,19,19201,社寺
善光寺,19,19202,社寺
富士浅間神社,19,19213,社寺
大善寺,19,19205,社寺
東沢渓谷,19,19213,峡谷
恵林寺庭園,19,19205,社寺、庭園・公園
西沢渓谷,19,19365,峡谷
久遠寺庭園,19,19201,社寺、庭園・公園
昇仙峡,19,19368,峡谷
白鳳渓谷,18,18404,峡谷
敦賀半島西岸,18,18423,海岸
越前岬,18,18501,岬
三方五湖,18,18202,湖沼
気比の松原,18,18210,海岸
東尋坊,18,18423,海岸
越前海岸,18,18481,海岸
音海断崖,18,18204,岩石・洞窟
若狭蘇洞門,18,18423,岩石・洞窟
越前海岸の水仙,18,18201,植物
一乗谷朝倉氏遺跡,18,18501,史跡
宇波西祭,18,18322,年中行事
永平寺,18,18204,社寺
明通寺,18,18206,社寺
平泉寺（白山神社）,18,18210,社寺
丸岡城,18,18201,城跡・城郭
一乗谷朝倉氏遺跡庭園,17,17205,庭園・公園
木ノ浦海岸,17,17386,海岸
千里浜海岸,17,17205,海岸
曽々木海岸,17,17384,海岸
能登金剛,17,17463,海岸
九十九湾,17,17384,海岸
関野鼻,17,17205,岬
禄剛崎,17,17204,岬
鴨ｶﾞ浦,17,17210,岬
手取峡谷,17,17203,峡谷
那谷寺,17,17207,社寺
妙成寺,17,17210,社寺
白山比メ神社,17,17201,社寺
尾山神社,17,17204,社寺
総持寺（租院）,17,17201,社寺
妙立寺,17,17201,社寺
金沢城跡,17,17201,城跡・城郭
兼六園,17,17201,庭園・公園
西田家庭園,17,17201,庭園・公園
金沢の街並み,17,17210,歴史景観
弥陀ヶ原高原,21,21604,高原
白山,17,17204,山岳
窓岩,17,17204,岩石・洞窟
輪島の朝市,17,17202,地域景観
石崎の奉燈祭,17,17204,年中行事
時国家,16,16323,建造物
常願寺川,16,16208,河川
庄川,17,17202,河川
灘浦海岸,16,16323,海岸
黒部湖,16,16207,湖沼
黒部川,16,16201,河川
薬師岳,16,16323,山岳
立山,16,16323,山岳
剣岳,06,06324,山岳
朝日岳,21,21217,山岳
黒部五郎岳,20,20212,山岳
黒岳,16,16323,山岳
大日岳,16,16201,山岳
雲ノ平,01,01635,高原
五色ヶ原,06,06428,高原
弥陀ヶ原,16,16201,湿原
太郎兵衛平,16,16323,高原
称名滝,16,16323,滝
剱大滝,16,16206,滝
ホタルイカ群遊,16,16204,動物
富山湾の埋没林,16,16343,植物
朝日岳の高山植物群,16,16323,植物
弥陀ヶ原の紅葉,16,16323,植物
弥陀ヶ原高山植物群,16,16201,植物
五色ヶ原高山植物群,16,16323,植物
ブナ坂のブナ,16,16323,植物
立山杉の原生林,16,16206,植物
蜃気楼,16,16208,自然現象
礪波平野のチューリップ,16,16201,地域景観
おわら風の盆,16,16202,年中行事
高岡曳山祭,16,16323,年中行事
黒部ダムと黒部湖,16,16209,建造物
小矢部市のメルヘン建築,16,16323,建造物
黒部峡谷,16,16210,峡谷
庄川峡,16,16201,峡谷
神通峡,16,16210,峡谷
瑞泉寺,16,16202,社寺
国泰寺,16,16201,社寺
富山城址,16,16202,城跡・城郭
高岡城跡,16,16210,城跡・城郭
五箇山相倉集落,16,16210,歴史景観
五箇山菅沼集落,16,16323,歴史景観
称名峡,15,15224,峡谷
加茂湖,15,15225,湖沼
奥只見湖,15,15385,湖沼
阿賀野川,15,15202,河川
信濃川,15,15224,河川
尖閣湾,15,15212,海岸
笹川流,15,15224,海岸
佐渡,15,15224,島
外海府海岸,20,20486,海岸
雨飾山,15,15226,山岳
八海山,15,15217,山岳
焼山,15,15226,山岳
巻機山,20,20602,山岳
苗場山,16,16207,山岳
雪倉岳,15,15222,山岳
米山,15,15226,山岳
中ノ岳,15,15217,山岳
笹ヶ峰高原,15,15217,高原
妙高高原,15,15461,高原
清津峡の柱状節理,15,15223,岩石・洞窟
瓢湖の白鳥,15,15224,動物
大野亀の黄花カンゾウ,15,15222,植物
高田城跡のサクラ,15,15224,植物
道遊の割戸,15,15224,史跡
佐渡金山遺跡,15,15208,史跡
片貝花火,15,15202,年中行事
長岡花火,15,15210,年中行事
十日町雪祭り,15,15206,年中行事
市島邸,15,15217,建造物
妙高山,01,01345,山岳
駒ヶ岳,20,20602,山岳
苗場山頂の湿原,15,15217,湿原
天狗の庭湿原,15,15217,湿原
高谷池湿原,15,15342,湿原
弥彦神社,15,15222,社寺
林泉寺,15,15222,社寺
高田城跡,15,15206,城跡・城郭
清水園,15,15224,庭園・公園
宿根木集落,15,15461,歴史景観
清津峡,15,15581,峡谷
荒川峡,14,14204,峡谷
建長寺,14,14204,社寺
円覚寺,14,14204,社寺
高徳院（鎌倉大仏）,14,14204,社寺
鶴岡八幡宮,14,14204,社寺
東慶寺,14,14204,社寺
覚園寺,14,14204,社寺
寿福寺,14,14205,社寺
清浄光寺,14,14217,社寺
最乗寺,14,14382,社寺
早雲寺,14,14205,社寺
江ノ島神社,14,14214,社寺
阿夫利神社,14,14130,社寺
平間寺（川崎大師）,14,14100,社寺
外人墓地,14,14204,社寺
光明寺,14,14204,社寺
明月院,14,14206,社寺
小田原城跡,14,14100,城跡・城郭
三渓園,14,14204,庭園・公園
瑞泉寺庭園,14,14402,社寺、庭園・公園
大山,14,14382,山岳
箱根関跡,14,14100,史跡
横浜中華街,14,14103,地域景観
MM21,14,14382,建造物
仙石原高原,14,14204,高原
流鏑馬神事（鶴岡八幡宮）,14,14382,年中行事
彫刻の森美術館,14,14100,博物館・美術館
横浜旧湊地区諸施設,14,14104,建造物
ズーラシア,14,14204,動植物園・水族館
鎌倉国宝館,14,14384,博物館・美術館
箱根山,14,14402,山岳
丹沢山塊,14,14382,山岳
芦ノ湖,13,13363,湖沼
羽伏浦海岸,13,13381,海岸
サタド―岬,13,13361,岬
伊豆大島,13,13421,島
小笠原諸島,13,13381,島
三宅島,13,13401,島
鳥島,13,13401,島
八丈島,13,13363,島
新島,13,13364,島
神津島,13,13363,島
式根島,13,13362,島
利島,13,13361,島
三原山,13,13401,山岳
八丈富士,13,13361,山岳
三原山溶岩流,13,13381,岩石・洞窟
三宅島熔岩群,13,13421,岩石・洞窟
小笠原のクジラ,13,13401,動物
鳥島のアホウドリ,13,13205,動物
吉野梅林,13,13361,植物
大島の椿,13,13361,植物
大島三原山の噴煙,13,13103,自然現象
赤穂義士墓,13,13105,史跡
湯島聖堂,13,13102,史跡
築地中央市場,13,13106,地域景観
浅草仲見世,13,13102,地域景観
銀座通り,13,13109,地域景観
臨海副都心,13,13106,地域景観
三社祭,13,13106,年中行事
酉の市（鷲神社）,13,13103,年中行事
東京タワ―,13,13104,建造物
新宿新都心,13,13101,建造物
国会議事堂,13,13101,建造物
東京駅,13,13101,建造物
二重橋,13,13102,建造物
歌舞伎座,13,13103,建造物
迎賓館赤坂離宮,13,13106,建造物
西郷隆盛銅像,13,13103,建造物
ﾚｲﾝﾎﾞｰﾌﾞﾘｯｼﾞ,13,13102,建造物
日本銀行,13,13106,建造物
上野動物園,13,13106,動植物園・水族館
東京国立博物館,13,13106,博物館・美術館
国立西洋美術館,13,13106,博物館・美術館
国立科学博物館,13,13101,博物館・美術館
東京国立近代美術館,13,13113,博物館・美術館
明治神宮宝物殿,13,13103,博物館・美術館
松岡美術館,13,13101,博物館・美術館
出光美術館,13,13103,博物館・美術館
国立科学博物館附属自然教育園,13,13103,博物館・美術館
根津美術館,13,13105,博物館・美術館
永青文庫,13,13108,博物館・美術館
東京都現代美術館,13,13107,博物館・美術館
江戸東京博物館,13,13102,博物館・美術館
ブリジストン美術館,13,13113,博物館・美術館
明治神宮,13,13101,社寺
靖国神社,13,13215,社寺
谷保天満宮,13,13108,社寺
深川不動尊,13,13108,社寺
富岡八幡神社,13,13108,社寺
亀戸天神社,13,13101,社寺
ニコライ堂,13,13122,社寺
柴又帝釈天,13,13103,社寺
泉岳寺,13,13114,社寺
新井薬師,13,13102,社寺
西本願寺別院,13,13103,社寺
増上寺,13,13205,社寺
御岳神社,13,13101,社寺
神田神社,13,13208,社寺
深大寺,13,13206,社寺
大国魂神社,13,13105,社寺
根津神社,13,13106,社寺
浅草寺,13,13106,社寺
寛永寺,09,09206,社寺
東照宮,13,13105,社寺
護国寺,13,13212,社寺
高幡不動,13,13111,社寺
本門寺,13,13104,社寺
新宿御苑,13,13102,庭園・公園
旧浜離宮庭園,13,13106,庭園・公園
上野公園,13,13101,庭園・公園
皇居隣接公園群,13,13109,庭園・公園
自然教育園,13,13117,庭園・公園
旧古河庭園,13,13104,庭園・公園
明治神宮外苑,13,13105,庭園・公園
六義園,13,13105,庭園・公園
小石川後楽園,13,13101,庭園・公園
日比谷公園,13,13108,庭園・公園
清澄庭園,12,12349,庭園・公園
利根川,12,12410,河川
九十九里浜,12,12202,海岸
犬吠崎,12,12236,岬
水郷,12,12463,地域景観
房総の花畑,12,12211,地域景観
成田山節分会,12,12236,年中行事
午年神幸祭,12,12206,年中行事
ｱｸｱﾗｲﾝ,12,12212,建造物
国立歴史民俗博物館,12,12200,博物館・美術館
加曽利貝塚,12,12211,史跡
成田山新勝寺,12,12236,社寺
観福寺,12,12203,社寺
真間山弘法寺,12,12203,社寺
法華経寺,12,12211,社寺
東勝寺,12,12223,社寺
清澄寺,12,12463,社寺
日本寺,12,12236,社寺
香取神宮,12,12427,社寺
笠森寺,12,12421,社寺
玉前神社,12,12236,社寺
佐原町町並み,12,12223,歴史景観
誕生寺,11,11207,社寺
中津峡,11,11363,峡谷
長瀞峡,11,11201,峡谷
喜多院,11,11349,社寺
慈光寺,11,11383,社寺
金鑚神社,11,11207,社寺
三峰神社,11,11101,社寺
氷川神社,11,11230,社寺
平林寺庭園・社林,19,19443,社寺、庭園・公園
雲取山,11,11365,山岳
両神山,11,11361,山岳
武甲山,20,20304,山岳
甲武信岳,11,11327,山岳
越生梅林,11,11347,植物
吉見百穴,11,11206,史跡
さきたま古墳群,11,11207,史跡
秩父夜祭り,11,11201,年中行事
川越祭り,10,10443,年中行事
尾瀬沼,10,10449,湖沼
奥利根湖,10,10426,湖沼
湯釜,10,10427,湖沼
野反湖,10,10202,湖沼
榛名湖,01,01337,湖沼
大沼,10,10443,湖沼
菅沼,10,10443,湖沼
丸沼,10,10449,湖沼
利根川（上流）,10,10443,河川
アヤメ平,10,10449,湿原
照葉峡,10,10429,峡谷
吾妻峡,10,10521,峡谷
雷電神社,10,10202,社寺
榛名神社,10,10210,社寺
妙義神社,10,10202,社寺
達磨寺（少林山）,10,10206,社寺
弥勒寺,10,10205,社寺
大光院,09,09206,社寺
東照宮,10,10210,社寺
一の宮貫前神社,10,10207,社寺
茂林寺,15,15461,社寺
谷川岳,10,10212,山岳
赤城山,06,06324,山岳
朝日岳,20,20217,山岳
荒船山,10,10211,山岳
妙義山,10,10429,山岳
榛名山,10,10449,山岳
平ケ岳,20,20543,山岳
奥白根山,10,10449,山岳
武尊山,10,10449,山岳
至仏山,10,10426,山岳
本白根山,20,20219,山岳
湯ノ丸高原,10,10443,高原
中ノ原,10,10425,高原
鹿沢高原,10,10206,高原
吹割の滝,10,10425,滝
鬼押出,10,10425,岩石・洞窟
湯ノ丸レンゲツツジ群落,10,10209,植物
三波川のさくら,10,10211,植物
秋間梅林,10,10201,植物
赤城新坂平のレンゲツツジ,10,10426,植物
草津白根のアズマシャクナゲ及びハクサンシャクナゲ群落,10,10207,植物
つつじガ岡公園のつつじ,10,10426,植物
草津白根殺生河原,10,10202,自然現象
多胡碑,10,10201,史跡
総社二子山古墳,10,10210,史跡
旧富岡製糸工場,10,10211,建造物
碓氷峠旧鉄道諸施設,10,10426,建造物
草津高原,10,10208,高原
伊香保温泉街,10,10443,地域景観
尾瀬の高山植物群落,10,10426,植物
草津湯畑,09,09206,自然現象
戦場ヶ原,09,09206,湿原
鬼怒沼湿原,09,09206,湿原
東照宮,09,09206,社寺
輪王寺大猷院霊廟,09,09203,社寺
太平山神社,09,09205,社寺
古峯神社,09,09202,社寺
鶏足寺,09,09202,社寺
鑁阿寺,09,09206,社寺
二荒山神社,09,09210,社寺
雲厳寺,09,09342,社寺
円通寺,09,09342,社寺
西明寺,09,09203,社寺
巴波川の蔵屋敷群,09,09206,歴史景観
雲竜峡,09,09206,峡谷
鬼怒川源流,09,09206,峡谷
含満ケ淵,09,09206,峡谷
竜王峡,09,09206,峡谷
中禅寺湖,07,07402,湖沼
五色沼,09,09206,湖沼
五十里湖,09,09206,湖沼
湯ノ湖,09,09203,湖沼
渡良瀬遊水池,10,10206,湖沼
皇海山,10,10443,山岳
白根山,09,09407,山岳
那須岳,09,09206,山岳
華厳滝,09,09206,滝
竜頭滝,09,09206,滝
霧降滝,09,09206,滝
湯滝,09,09206,滝
日光杉並木街道,09,09206,植物
霧降高原のニッコウキスゲ,09,09407,植物
那須高原ツツジ群落,09,09211,植物
八方ｶﾞ原レンゲツツジ,09,09201,植物
大谷磨崖仏,09,09202,史跡
足利学校跡,09,09342,史跡
益子焼窯場,09,09206,地域景観
日光和楽踊,09,09206,年中行事
東照宮百物揃（千人行列）,09,09215,年中行事
八雲神社天王祭,09,09364,年中行事
旧下野煉化製造会社ﾎﾌﾏﾝ窯,09,09206,建造物
男体山,09,09407,山岳
那須高原,08,08231,高原
筑波山,08,08364,山岳
袋田の滝,08,08212,滝
瑞竜山,08,08212,史跡
西山荘,08,08203,史跡
輸出振興全国花火競技大会,08,08202,年中行事
日立風流物,08,08222,年中行事
鹿島神宮祭頭祭,08,08228,年中行事
茨城県立自然博物館,08,08216,博物館・美術館
笠間日動美術館,08,08204,博物館・美術館
古河堤灯竿もみ祭,08,08443,年中行事
霞ケ浦,08,08309,湖沼
那珂川,08,08226,河川
久慈川,08,08215,河川
五浦海岸,08,08222,海岸
鹿島神宮,08,08201,社寺
常盤神社,08,08231,社寺
楽法寺,08,08364,社寺
奥久慈渓谷,08,08216,峡谷
笠間稲荷神社,08,08231,社寺
筑波山神社,08,08216,社寺
西念寺,08,08201,社寺
偕楽園,15,15225,庭園・公園
尾瀬ヶ原,07,07402,湿原
雄国沼湿原,07,07368,湿原
田代山頂湿原,07,07204,湿原
白水阿弥蛇堂,07,07202,社寺
若松城跡（鶴ｶﾞ城跡）,07,07210,城跡・城郭
霞ケ城跡,07,07207,城跡・城郭
須賀川牡丹園,07,07362,庭園・公園
大内宿,07,07208,歴史景観
熊野神社,07,07208,社寺
喜多方蔵の町並,07,07402,歴史景観
五色沼,07,07201,湖沼
鎌沼,07,07402,湖沼
雄国沼,07,07201,湖沼
桶沼,07,07408,湖沼
猪苗代湖,07,07402,湖沼
檜原湖,07,07402,湖沼
小野川湖,07,07408,湖沼
秋元湖,07,07209,湖沼
松川浦,07,07445,湖沼
只見川,07,07408,河川
吾妻山,07,07408,山岳
磐梯山,07,07364,山岳
燧ヶ岳,07,07364,山岳
会津駒ケ岳,07,07408,山岳
安達太良連山,07,07408,山岳
磐梯高原,07,07344,高原
布引高原,07,07408,高原
谷地平,07,07364,高原
三条ノ滝,07,07364,滝
平滑の滝,07,07211,滝
入水鍾乳洞,07,07211,岩石・洞窟
あぶくま洞,07,07521,岩石・洞窟
三春滝ザクラ,07,07201,植物
吾妻山ヤエハクサンシャクナゲ自生地,07,07202,植物
飯盛山白虎隊墓所,07,07205,史跡
白河関跡,07,07203,史跡
高柴デコ屋敷,07,07212,地域景観
相馬野馬追,07,07210,年中行事
二本松提燈祭り,07,07210,年中行事
二本松菊人形展,07,07203,年中行事
釆女まつり,06,06461,年中行事
鳥海山,06,06428,山岳
月山,06,06207,山岳
蔵王山,15,15581,山岳
飯豊山,06,06324,山岳
朝日岳,06,06201,山岳
観松平,06,06203,高原
羽黒山の杉並木,15,15385,植物
飯豊山の高山植物,06,06201,植物
ベニバナ（高瀬・横根・出羽）,06,06207,植物
蔵王の樹氷,06,06202,自然現象
吾妻山の樹氷,06,06205,自然現象
新庄祭り,06,06203,年中行事
黒川能,06,06204,年中行事
黒森歌舞伎,06,06203,年中行事
羽黒山の松例祭,06,06201,年中行事
花笠祭り,06,06210,年中行事
天童桜祭り,06,06204,年中行事
酒田山居倉庫,06,06204,建造物
本間美術館,06,06204,博物館・美術館
土門拳記念館,06,06203,博物館・美術館
湯殿山神社,06,06206,社寺
慈恩寺,07,07408,社寺
弥兵衛平,06,06203,湿原
大鳥池,06,06201,湖沼
立石寺（山寺）,06,06203,社寺
出羽三山神社（羽黒山神社）,06,06428,社寺
弥陀ヶ原,06,06203,湿原
善宝寺,06,06204,社寺
酒田山王祭,06,06202,年中行事
上杉祭り,06,06203,年中行事
羽黒山宿坊,06,06428,歴史景観
最上川,06,06212,河川
銀山温泉の湯治場,05,05303,歴史景観
十和田湖,05,05215,湖沼
田沢湖,05,05210,湖沼
法体の滝,05,05215,滝
角館のシダレザクラ,05,05215,植物
桧木内川堤の吉野桜,05,05215,植物
駒ケ岳,05,05215,山岳
秋田駒ケ岳高山植物,05,05215,植物
後生掛の泥火山,05,05215,自然現象
玉川温泉の北投石と火山現象,05,05215,自然現象
玉川温泉の火山現象,05,05209,自然現象
大湯環状列石,05,05215,史跡
角館武家屋敷,05,05201,歴史景観
竿灯,05,05203,年中行事
かまくら,05,05206,年中行事
なまはげ,05,05212,年中行事
大曲花火,05,05214,年中行事
奈曽の白滝,05,05206,滝
男鹿西海岸,05,05206,海岸
入道崎,05,05212,岬
雄物川,03,03209,河川
北上川,04,04406,河川
松島,04,04205,海岸
巨釜半造,04,04581,海岸
牡鹿半島海岸,04,04214,海岸
萱野崎,04,04324,岬
お釜,04,04202,湖沼
金華山,05,05464,島
栗駒山,04,04302,山岳
南蔵王高原,04,04100,高原
秋保大滝,04,04202,滝
千畳敷,04,04100,岩石・洞窟
磐司岩,04,04215,岩石・洞窟
鳴子峡の紅葉,04,04301,植物
澄川渓谷の紅葉,04,04100,植物
輪王寺のツツジ,04,04100,植物
陸奥国分寺跡,04,04209,史跡
多賀城跡,04,04401,史跡
松島観瀾亭,04,04215,史跡
鳴子のこけしづくり,04,04205,地域景観
気仙沼港の景観,04,04100,地域景観
仙台七夕まつり,04,04203,年中行事
塩釜みなと祭,04,04212,年中行事
登米町の歴史的建造物群,04,04100,建造物
仙台市博物館,04,04215,博物館・美術館
鬼首一帯の火山現象,04,04302,自然現象
七ケ宿街道（上戸沢～二井宿峠）,04,04213,歴史景観
三迫川上流渓谷,04,04302,峡谷
芝草平,04,04215,湿原
鳴子峡,04,04301,峡谷
澄川渓谷,04,04324,峡谷
濁川渓谷,04,04401,峡谷
瑞厳寺,04,04100,社寺
大崎八幡神社,04,04401,社寺
五大堂,04,04203,社寺
志波彦神社,04,04203,社寺
塩釜神社,04,04100,社寺
青葉城跡,04,04215,城跡・城郭
旧有備館庭園,03,03305,庭園・公園
岩手山,03,03205,山岳
早池峰山,05,05215,山岳
八幡平,03,03302,高原
平庭高原,03,03201,高原
外山高原,03,03483,高原
安家洞,03,03483,岩石・洞窟
龍泉洞,03,03441,岩石・洞窟
滝観洞,03,03206,岩石・洞窟
夏油温泉石灰華,03,03210,岩石・洞窟
椿島ウミネコの繁殖地,03,03210,動物
高田松原,03,03214,植物
八幡平の樹氷,03,03402,自然現象
無量光院跡,03,03214,史跡
岩手山焼走り熔岩流,03,03215,岩石・洞窟
日高祭り,03,03305,年中行事
チャグチャグ馬っ子祭,03,03483,年中行事
早坂高原,03,03441,高原
種山高原,03,03214,高原
八幡沼附近,03,03209,湿原
猊鼻渓,03,03402,峡谷
毛越寺庭園,03,03402,庭園・公園
中尊寺,03,03484,社寺
北山崎,03,03202,海岸
浄土ヶ浜,03,03483,海岸
茂師海岸,03,03202,海岸
女遊戸海岸,03,03485,海岸
普代海岸,03,03202,海岸
田老海岸,03,03484,海岸
鵜ノ巣断崖,03,03202,岬
とどヶ崎,03,03203,岬
碁石岬,03,03485,岬
黒崎,03,03214,岬
八幡沼,03,03201,湖沼
岩洞湖,03,03209,湖沼
北上川,02,02202,河川
岩木山,02,02202,山岳
岩木高原,02,02201,高原
八甲田高原,02,02206,高原
松見の滝,02,02210,滝
八甲田山,02,02343,山岳
暗門の滝,02,02323,滝
大戸瀬崎の千畳敷,02,02203,岩石・洞窟
蕪島のウミネコ繁殖地　,02,02301,動物
浅所海岸の白鳥,02,02201,動物
八甲田山の樹氷,02,02202,自然現象
弘前城のサクラ,02,02201,植物
三内丸山遺跡,02,02204,史跡
青森県りんご試験場,02,02406,地域景観
横浜町の菜の花畑,02,02402,地域景観
七戸町の牧場風景,02,02208,地域景観
霊場全景,02,02202,地域景観
アップルロード・りんご畑,02,02201,地域景観
青森ねぶた,02,02202,年中行事
岩木山神社お山参詣,02,02203,年中行事
八戸三社大祭,02,02208,年中行事
恐山例大祭,02,02202,年中行事
ねぷた祭り,02,02208,年中行事
田名部まつり,02,02203,年中行事
八戸えんぶり,02,02202,年中行事
弘前桜祭り,02,02205,年中行事
斜陽館（太宰治生家）,02,02201,建造物
棟方志功記念館,02,02424,博物館・美術館
尻屋崎,02,02426,岬
仏ヶ浦,02,02307,海岸
竜飛崎,02,02323,岬
行合崎,02,02387,岬
権現崎,02,02321,岬
七里長浜,02,02203,海岸
種差海岸,02,02424,海岸
猿ヶ森砂丘,02,02206,海岸
蔦の七沼,02,02209,湖沼
十三湖,02,02323,湖沼
十二湖,02,02208,湖沼
宇曽利山湖,02,02206,湖沼
睡蓮沼,02,02303,湖沼
袰月海岸,02,02201,海岸
田茂萢湿原,02,02206,湿原
谷地湿原,02,02206,湿原
奥入瀬,02,02208,峡谷
薬研渓流,02,02201,峡谷
城ヶ倉渓流,02,02321,峡谷
赤石川渓流,02,02202,峡谷
岩木山神社,02,02445,社寺
法光寺,02,02202,社寺
最勝院・五重塔,02,02203,社寺
櫛引八幡宮,02,02202,社寺
長勝寺（禅林街）,02,02210,社寺
盛美園,02,02202,庭園・公園
弘前城,05,05346,城跡・城郭
白神山地のブナ原生林,01,01665,植物
摩周湖,01,01665,湖沼
屈斜路湖,01,01578,湖沼
倶多楽湖,01,01206,湖沼
ペンケトウ・パンケトウ,01,01224,湖沼
支笏湖,01,01584,湖沼
洞爺湖,01,01337,湖沼
大沼,01,01206,湖沼
阿寒湖,01,01634,湖沼
然別湖,01,01223,湖沼
温根沼,01,01641,湖沼
キモントウ沼,01,01694,湖沼
羅臼湖,01,01224,湖沼
オコタンペ湖,01,01213,湖沼
ウトナイ湖,01,01472,湖沼
朱鞠内湖,01,01691,湖沼
風蓮湖,01,01545,湖沼
知床五湖,01,01564,湖沼
網走湖,01,01211,湖沼
能取湖,01,01647,湖沼
オンネトウ湖,01,01547,湖沼
濤沸湖,01,01214,湖沼
宗谷岬,01,01694,岬
知床半島の海岸,01,01559,海岸
サロマ湖,01,01691,湖沼
野付半島,01,01663,海岸
厚岸海岸,01,01402,海岸
雷電海岸,01,01642,海岸
襟裳海岸,01,01408,海岸
積丹海岸,01,01694,海岸
知床岬,01,01211,岬
能取岬,01,01223,岬
納沙布岬,01,01663,岬
湯沸岬,01,01609,岬
襟裳岬,01,01202,岬
立待岬,01,01405,岬
神威岬,01,01518,岬
利尻島,01,01517,島
礼文島,01,01484,島
天売島,01,01484,島
焼尻島,01,01367,島
奥尻島,01,01547,島
北見小清水海岸,01,01214,海岸
ノシャップ岬,01,01487,岬
天塩川,01,01235,河川
石狩川,01,01667,河川
釧路湿原,01,01663,湿原
霧多布湿原,01,01436,湿原
雨竜沼湿原,01,01457,湿原
雲井ケ原,01,01229,湿原
原始ケ原,01,01458,湿原
沼ノ平,01,01635,湿原
沼ノ原,01,01512,湿原
頓別原野,01,01202,原野
トラピスチヌ修道院,01,01236,社寺
トラピスト男子修道院,01,01202,社寺
函館ハリストス正教会,01,01202,社寺
五稜郭跡,01,01331,城跡・城郭
松前城跡,01,01101,城跡・城郭
大通公園,01,01202,庭園・公園
函館石造り倉庫群,01,01203,歴史景観
小樽石造り倉庫群,01,01457,歴史景観
層雲峡,01,01459,峡谷
天人峡,01,01520,峡谷
サロベツ原野,01,01692,原野
根釧原野,01,01519,原野
利尻山,01,01400,山岳
羊蹄山,01,01584,山岳
有珠山,01,01345,山岳
駒ヶ岳,01,01635,山岳
十勝岳連山,01,01202,山岳
恵山,01,01578,山岳
樽前山,01,01224,山岳
恵庭岳,01,01575,山岳
昭和新山,01,01665,山岳
アトサヌプリ火山群,01,01635,山岳
トムラウシ山,01,01694,山岳
羅臼岳,01,01647,山岳
雌阿寒岳,01,01206,山岳
雄阿寒岳,01,01693,山岳
斜里岳,01,01481,山岳
暑寒別岳,01,01459,山岳
高根ヶ原,01,01635,高原
五色ヶ原,01,01460,高原
十勝岳高原,01,01458,高原
大雪高原,01,01634,高原
扇ケ原,01,01457,高原
流星ノ滝,01,01458,滝
羽衣の滝,01,01457,滝
銀河ノ滝,01,01545,滝
オシンコシンの滝,01,01545,滝
カムイワッカの滝,01,01213,滝
樽前山溶岩円頂丘,01,01457,岩石・洞窟
層雲峡柱状節理,01,01459,岩石・洞窟
天人峡柱状節理,01,01484,岩石・洞窟
天売島海鳥繁殖地,01,01667,動物
釧路湿原のタンチョウヅル,01,01223,動物
風蓮湖の白鳥,01,01691,動物
春別川河口の白鳥,01,01662,動物
大黒島の海鳥,01,01223,動物
ユルリ島モユルリ島の海鳥,01,01663,動物
嶮暮帰島小島の海鳥,01,01547,動物
涛沸湖畔の原生花園,01,01517,植物
礼文島桃岩付近の高山植物群落,01,01458,植物
大雪山の高山植物群落,01,01635,植物
十勝岳連峰の高山植物群落,01,01206,植物
雄阿寒山麓の原始林,01,01559,植物
サロマ湖畔のアッケシソウ群落,01,01610,植物
二十間道路の桜並木,01,01560,植物
滝上公園シバザクラ,01,01331,植物
松前公園の桜,01,01206,植物
阿寒湖のマリモ,01,01516,植物
サロベツ原野の植物群,01,01694,植物
羅臼岳の高山植物群落,01,01663,植物
霧多布の泥炭形成植物群落,01,01667,植物
釧路湿原の植物,01,01211,植物
能取湖畔のアッケシソウの群落,01,01662,植物
チンベノ鼻のヒオウギアヤメ群落,01,01202,植物
函館山と市街地,01,01547,地域景観
濤沸湖畔の牧野と放牧,01,01461,地域景観
富良野のラベンダー,01,01459,地域景観
美瑛農村の丘風景,01,01437,地域景観
ひまわりの里,01,01101,地域景観
さっぽろ雪まつり,01,01100,年中行事
ＹＯＳＡＫＯＩソーラン祭り,01,01211,年中行事
網走のオホ―ツク流氷祭り,02,02307,年中行事
青函トンネル,01,01100,建造物
北海道開拓村,01,01100,建造物
道庁旧本庁舎,01,01234,建造物
クラ―クの記念碑,01,01100,建造物
札幌時計台（旧札幌農学校演武場）,01,01100,建造物
北海道大学農学部附属植物園,01,01211,動植物園・水族館
網走監獄,01,01204,博物館・美術館
旭川市旭川郷土博物館,01,01219,博物館・美術館
オホーツク海沿岸の流氷,01,01101,自然現象
札幌のライラック,01,01458,地域景観
大雪山,01,01634,山岳
然別火山群,01,01400,山岳
ニセコアンヌプリ,01,01635,山岳
トムラウシ原生林,01,01635,植物
トムラウシ山の高山植物群落,01,01230,植物
登別地獄,03,03203,自然現象
碁石海岸,09,09206,海岸
